entity_id,canonical_name,aliases,cik,ticker,exchange,source
SEC:0001045810,NVIDIA CORP,NVIDIA CORP/CA,1045810,NVDA,,SEC
SEC:0000320193,Apple Inc.,APPLE INC|APPLE COMPUTER INC|APPLE COMPUTER INC/ FA,320193,AAPL,,SEC
SEC:0001652044,Alphabet Inc.,,1652044,GOOGL,,SEC
SEC:0000789019,MICROSOFT CORP,,789019,MSFT,,SEC
SEC:0001018724,AMAZON COM INC,,1018724,AMZN,,SEC
SEC:0001326801,"Meta Platforms, Inc.",Facebook Inc,1326801,META,,SEC
SEC:0001730168,Broadcom Inc.,Broadcom Ltd,1730168,AVGO,,SEC
SEC:0001318605,"Tesla, Inc.",TESLA MOTORS INC,1318605,TSLA,,SEC
SEC:0000723125,MICRON TECHNOLOGY INC,,723125,MU,,SEC
SEC:0001067983,BERKSHIRE HATHAWAY INC,NBH INC,1067983,BRK-B,,SEC
SEC:0000059478,ELI LILLY & Co,LILLY ELI & CO|LILLY ELI & CO ET AL,59478,LLY,,SEC
SEC:0000002488,ADVANCED MICRO DEVICES INC,,2488,AMD,,SEC
SEC:0000019617,JPMORGAN CHASE & CO,JPMORGAN CHASE & CO|J P MORGAN CHASE & CO|CHASE MANHATTAN CORP /DE/|CHEMICAL BANKING CORP,19617,JPM,,SEC
SEC:0000104169,Walmart Inc.,Walmart Inc.|WAL MART STORES INC,104169,WMT,,SEC
SEC:0001403161,VISA INC.,,1403161,V,,SEC
SEC:0000937966,ASML HOLDING NV,ASM LITHOGRAPHY HOLDING NV,937966,ASML,,SEC
SEC:0002115436,ExxonMobil Holdings Corp,,2115436,XOM,,SEC
SEC:0000200406,JOHNSON & JOHNSON,JOHNSON & JOHNSON ET AL,200406,JNJ,,SEC
SEC:0000050863,INTEL CORP,,50863,INTC,,SEC
SEC:0001141391,Mastercard Inc,,1141391,MA,,SEC
SEC:0001551152,AbbVie Inc.,,1551152,ABBV,,SEC
SEC:0001341439,ORACLE CORP,Ozark Holding Inc.,1341439,ORCL,,SEC
SEC:0001321655,Palantir Technologies Inc.,Palantir Technologies Inc,1321655,PLTR,,SEC
SEC:0000858877,"CISCO SYSTEMS, INC.","CISCO SYSTEMS, INC.|CISCO SYSTEMS INC",858877,CSCO,,SEC
SEC:0000093410,CHEVRON CORP,CHEVRONTEXACO CORP,93410,CVX,,SEC
SEC:0000909832,COSTCO WHOLESALE CORP /NEW,COSTCO COMPANIES INC|PRICE/COSTCO INC,909832,COST,,SEC
SEC:0000070858,BANK OF AMERICA CORP /DE/,BANKAMERICA CORP/DE/|NATIONSBANK CORP,70858,BAC,,SEC
SEC:0000707549,LAM RESEARCH CORP,,707549,LRCX,,SEC
SEC:0000021344,COCA COLA CO,,21344,KO,,SEC
SEC:0000310158,"Merck & Co., Inc.",Merck & Co. Inc.|SCHERING PLOUGH CORP,310158,MRK,,SEC
SEC:0000006951,APPLIED MATERIALS INC /DE,,6951,AMAT,,SEC
SEC:0000018230,CATERPILLAR INC,,18230,CAT,,SEC
SEC:0001973239,ARM HOLDINGS PLC /UK,Arm Holdings Ltd,1973239,ARM,,SEC
SEC:0001571996,Dell Technologies Inc.,Dell Technologies Inc|Denali Holding Inc.,1571996,DELL,,SEC
SEC:0001089113,HSBC HOLDINGS PLC,HSBC HOLDINGS PLC \,1089113,HSBC,,SEC
SEC:0000080424,PROCTER & GAMBLE Co,,80424,PG,,SEC
SEC:0000731766,UNITEDHEALTH GROUP INC,UNITED HEALTHCARE CORP,731766,UNH,,SEC
SEC:0000040545,GENERAL ELECTRIC CO,,40545,GE,,SEC
SEC:0000895421,MORGAN STANLEY,MORGAN STANLEY|MORGAN STANLEY DEAN WITTER & CO|MORGAN STANLEY DEAN WITTER DISCOVER & CO|DEAN WITTER DISCOVER & CO,895421,MS,,SEC
SEC:0001327567,Palo Alto Networks Inc,Palo Alto Networks Inc,1327567,PANW,,SEC
SEC:0000354950,"HOME DEPOT, INC.",HOME DEPOT INC,354950,HD,,SEC
SEC:0002070829,"Contemporary Amperex Technology Co., Limited/ADR",,2070829,CYATY,,SEC
SEC:0001065280,NETFLIX INC,NETFLIX COM INC,1065280,NFLX,,SEC
SEC:0001413329,Philip Morris International Inc.,,1413329,PM,,SEC
SEC:0001577552,Alibaba Group Holding Ltd,,1577552,BABA,,SEC
SEC:0001000275,ROYAL BANK OF CANADA,ROYAL BANK OF CANADA|ROYAL BANK OF CANADA \,1000275,RY,,SEC
SEC:0000886982,GOLDMAN SACHS GROUP INC,GOLDMAN SACHS GROUP INC/,886982,GS,,SEC
SEC:0002023554,Sandisk Corp,,2023554,SNDK,,SEC
SEC:0001114448,NOVARTIS AG,,1114448,NVS,,SEC
SEC:0001306965,Shell plc,Royal Dutch Shell plc,1306965,SHEL,,SEC
SEC:0000901832,ASTRAZENECA PLC,ZENECA GROUP PLC,901832,AZN,,SEC
SEC:0000067088,MITSUBISHI UFJ FINANCIAL GROUP INC,MITSUBISHI TOKYO FINANCIAL GROUP INC|MITSUBISHI TOKYO FINANCIAL GROUP INC /ADR/,67088,MUFG,,SEC
SEC:0000101829,RTX Corp,RAYTHEON TECHNOLOGIES CORP|UNITED TECHNOLOGIES CORP /DE/,101829,RTX,,SEC
SEC:0001596532,"Arista Networks, Inc.",,1596532,ANET,,SEC
SEC:0001535527,"CrowdStrike Holdings, Inc.",,1535527,CRWD,,SEC
SEC:0001996810,GE Vernova Inc.,GE Vernova LLC,1996810,GEV,,SEC
SEC:0000072971,WELLS FARGO & COMPANY/MN,WELLS FARGO & CO/MN|NORWEST CORP,72971,WFC,,SEC
SEC:0000097476,TEXAS INSTRUMENTS INC,,97476,TXN,,SEC
SEC:0000097745,THERMO FISHER SCIENTIFIC INC.,THERMO ELECTRON CORP,97745,TMO,,SEC
SEC:0000319201,KLA CORP,KLA TENCOR CORP|KLA INSTRUMENTS CORP,319201,KLAC,,SEC
SEC:0001000184,SAP SE,SAP AG|SAP AKTIENGESELLSCHAFT SYSTEMS APPLICATIONS PRODUCTS IN DATA,1000184,SAP,,SEC
SEC:0001835632,"Marvell Technology, Inc.",,1835632,MRVL,,SEC
SEC:0001094517,TOYOTA MOTOR CORP/,,1094517,TM,,SEC
SEC:0000831001,CITIGROUP INC,CITIGROUP INC|TRAVELERS GROUP INC|TRAVELERS INC,831001,C,,SEC
SEC:0000811809,BHP Group Ltd,BHP BILLITON LTD|BHP LTD|BROKEN HILL PROPRIETARY CO LTD,811809,BHP,,SEC
SEC:0000318154,AMGEN INC,,318154,AMGN,,SEC
SEC:0000051143,INTERNATIONAL BUSINESS MACHINES CORP,,51143,IBM,,SEC
SEC:0001707925,LINDE PLC,ZAMALIGHT PLC,1707925,LIN,,SEC
SEC:0000891478,"Banco Santander, S.A.",BANCO SANTANDER SA|BANCO SANTANDER CENTRAL HISPANO SA|BANCO SANTANDER S A,891478,SAN,,SEC
SEC:0000804328,QUALCOMM INC/DE,,804328,QCOM,,SEC
SEC:0001137789,Seagate Technology Holdings plc,Seagate Technology plc|SEAGATE TECHNOLOGY|Seagate Technology|SEAGATE TECHNOLOGY HOLDINGS,1137789,STX,,SEC
SEC:0000004962,AMERICAN EXPRESS CO,,4962,AXP,,SEC
SEC:0000820313,AMPHENOL CORP /DE/,,820313,APH,,SEC
SEC:0000947263,TORONTO DOMINION BANK,,947263,TD,,SEC
SEC:0000879764,TotalEnergies SE,TOTAL SE|TOTAL S.A.|TOTAL SA|TOTAL FINA ELF SA|TOTAL FINA SA|TOTAL,879764,TTE,,SEC
SEC:0000732712,VERIZON COMMUNICATIONS INC,BELL ATLANTIC CORP,732712,VZ,,SEC
SEC:0001594805,SHOPIFY INC.,,1594805,SHOP,,SEC
SEC:0001108524,"Salesforce, Inc.","SALESFORCE.COM, INC.|SALESFORCE COM INC",1108524,CRM,,SEC
SEC:0000882095,"GILEAD SCIENCES, INC.",GILEAD SCIENCES INC,882095,GILD,,SEC
SEC:0000315189,DEERE & CO,,315189,DE,,SEC
SEC:0000006281,ANALOG DEVICES INC,,6281,ADI,,SEC
SEC:0000887028,RIO TINTO LTD,,887028,RTNTF,,SEC
SEC:0000001800,ABBOTT LABORATORIES,,1800,ABT,,SEC
SEC:0001744489,Walt Disney Co,TWDC Holdco 613 Corp|TWDC Holdco 613 Corp.,1744489,DIS,,SEC
SEC:0000077476,PEPSICO INC,,77476,PEP,,SEC
SEC:0000063908,MCDONALDS CORP,,63908,MCD,,SEC
SEC:0000316709,SCHWAB CHARLES CORP,,316709,SCHW,,SEC
SEC:0001001838,SOUTHERN COPPER CORP/,SOUTHERN PERU COPPER CORP/|SOUTHERN PERU COPPER HOLDING CO,1001838,SCCO,,SEC
SEC:0002012383,"BlackRock, Inc.","BlackRock, Inc.|BlackRock Funding, Inc. /DE",2012383,BLK,,SEC
SEC:0000353278,NOVO NORDISK A S,,353278,NVO,,SEC
SEC:0001283699,"T-Mobile US, Inc.",METROPCS COMMUNICATIONS INC,1283699,TMUS,,SEC
SEC:0000732717,AT&T INC.,SBC COMMUNICATIONS INC|SOUTHWESTERN BELL CORP,732717,T,,SEC
SEC:0001551182,Eaton Corp plc,Eaton Corp Ltd,1551182,ETN,,SEC
SEC:0000766704,WELLTOWER INC.,HEALTH CARE REIT INC /DE/,766704,WELL,,SEC
SEC:0000106040,WESTERN DIGITAL CORP,,106040,WDC,,SEC
SEC:0001022837,"SUMITOMO MITSUI FINANCIAL GROUP, INC.",SUMITOMO MITSUI FINANCIAL GROUP/FI|SUMITOMO BANK LTD TOKYO     /FI,1022837,SMFG,,SEC
SEC:0000753308,NEXTERA ENERGY INC,FPL GROUP INC,753308,NEE,,SEC
SEC:0000100885,UNION PACIFIC CORP,,100885,UNP,,SEC
SEC:0000047710,HITACHI LTD,,47710,HTHIY,,SEC
SEC:0000863064,RIO TINTO PLC,RTZ CORPORATION PLC,863064,RIO,,SEC
SEC:0000078003,PFIZER INC,PFIZER INC,78003,PFE,,SEC
SEC:0000842180,"BANCO BILBAO VIZCAYA ARGENTARIA, S.A.",BANCO BILBAO VIZCAYA ARGENTARIA S A,842180,BBVA,,SEC
SEC:0001158838,ADVANTEST CORP,,1158838,ATEYY,,SEC
SEC:0000012927,BOEING CO,,12927,BA,,SEC
SEC:0001381197,"Interactive Brokers Group, Inc.",,1381197,IBKR,,SEC
SEC:0000313616,DANAHER CORP /DE/,,313616,DHR,,SEC
SEC:0001668717,Anheuser-Busch InBev SA/NV,Newbelco SA/NV,1668717,BUD,,SEC
SEC:0001163165,CONOCOPHILLIPS,CORVETTEPORSCHE CORP,1163165,COP,,SEC
SEC:0001610520,UBS Group AG,,1610520,UBS,,SEC
SEC:0000946770,DEUTSCHE TELEKOM AG,,946770,DTEGY,,SEC
SEC:0001393818,Blackstone Inc.,Blackstone Inc|Blackstone Group Inc|Blackstone Group L.P.,1393818,BX,,SEC
SEC:0001035267,INTUITIVE SURGICAL INC,,1035267,ISRG,,SEC
SEC:0000109198,TJX COMPANIES INC /DE/,TJX COMPANIES INC /DE/,109198,TJX,,SEC
SEC:0001830056,Siemens Energy AG/ADR,,1830056,SMERY,,SEC
SEC:0001543151,"Uber Technologies, Inc",,1543151,UBER,,SEC
SEC:0001373715,"ServiceNow, Inc.",SERVICE-NOW.COM,1373715,NOW,,SEC
SEC:0000024741,CORNING INC /NY,,24741,GLW,,SEC
SEC:0000313838,Sony Group Corp,SONY CORP,313838,SONY,,SEC
SEC:0000217410,UNILEVER PLC,,217410,UL,,SEC
SEC:0001164727,NEWMONT Corp /DE/,NEWMONT GOLDCORP CORP /DE/|NEWMONT MINING CORP /DE/|DELTA HOLDCO CORP,1164727,NEM,,SEC
SEC:0001119639,PETROBRAS - PETROLEO BRASILEIRO SA,BRAZILIAN PETROLEUM CORP,1119639,PBR,,SEC
SEC:0000875320,VERTEX PHARMACEUTICALS INC / MA,,875320,VRTX,,SEC
SEC:0001335730,MIZUHO FINANCIAL GROUP INC,,1335730,MFG,,SEC
SEC:0001045609,"Prologis, Inc.",AMB PROPERTY CORP,1045609,PLD,,SEC
SEC:0000896159,Chubb Ltd,ACE LTD|ACE Ltd,896159,CB,,SEC
SEC:0001262039,"Fortinet, Inc.",FORTINET INC,1262039,FTNT,,SEC
SEC:0000014272,BRISTOL MYERS SQUIBB CO,,14272,BMY,,SEC
SEC:0001477333,"Cloudflare, Inc.",,1477333,NET,,SEC
SEC:0000927628,CAPITAL ONE FINANCIAL CORP,,927628,COF,,SEC
SEC:0000927971,BANK OF MONTREAL /CAN/,BANK OF MONTREAL /CAN/,927971,BMO,,SEC
SEC:0000076334,Parker-Hannifin Corp,PARKER HANNIFIN CORP,76334,PH,,SEC
SEC:0001075531,Booking Holdings Inc.,Priceline Group Inc.|PRICELINE COM INC,1075531,BKNG,,SEC
SEC:0001144967,HDFC BANK LTD,,1144967,HDB,,SEC
SEC:0000936468,LOCKHEED MARTIN CORP,LOCKHEED MARTIN CORP,936468,LMT,,SEC
SEC:0001303523,British American Tobacco p.l.c.,,1303523,BTI,,SEC
SEC:0000080661,PROGRESSIVE CORP/OH/,,80661,PGR,,SEC
SEC:0001640147,Snowflake Inc.,"Snowflake Computing, Inc.",1640147,SNOW,,SEC
SEC:0000064040,S&P Global Inc.,MCGRAW HILL FINANCIAL INC|MCGRAW-HILL COMPANIES INC|MCGRAW HILL INC,64040,SPGI,,SEC
SEC:0001122411,"ASE Technology Holding Co., Ltd.","ASE Industrial Holding Co., Ltd.|ADVANCED SEMICONDUCTOR ENGINEERING INC",1122411,ASX,,SEC
SEC:0001613103,Medtronic plc,Medtronic Ltd|Medtronic Holdings Ltd,1613103,MDT,,SEC
SEC:0000009631,BANK OF NOVA SCOTIA,BANK OF NOVA SCOTIA /,9631,BNS,,SEC
SEC:0000764180,"ALTRIA GROUP, INC.",ALTRIA GROUP INC|PHILIP MORRIS COMPANIES INC,764180,MO,,SEC
SEC:0001737806,PDD Holdings Inc.,Pinduoduo Inc.|Walnut Street Group Holding Ltd,1737806,PDD,,SEC
SEC:0001467373,Accenture plc,Accenture plc,1467373,ACN,,SEC
SEC:0001510295,Marathon Petroleum Corp,,1510295,MPC,,SEC
SEC:0000064803,CVS HEALTH Corp,CVS CAREMARK CORP|CVS/CAREMARK CORP|CVS CORP|MELVILLE CORP,64803,CVS,,SEC
SEC:0001035002,VALERO ENERGY CORP/TX,VALERO REFINING & MARKETING CO,1035002,VLO,,SEC
SEC:0001783879,"Robinhood Markets, Inc.",,1783879,HOOD,,SEC
SEC:0000313807,BP PLC,BP AMOCO PLC|BRITISH PETROLEUM CO PLC|BRITISH PETROLEUM COMPANY,313807,BP,,SEC
SEC:0000060667,LOWES COMPANIES INC,,60667,LOW,,SEC
SEC:0001751008,AppLovin Corp,,1751008,APP,,SEC
SEC:0000829224,STARBUCKS CORP,,829224,SBUX,,SEC
SEC:0000008670,AUTOMATIC DATA PROCESSING INC,,8670,ADP,,SEC
SEC:0000895728,ENBRIDGE INC,IPL ENERGY INC,895728,ENB,,SEC
SEC:0000831259,FREEPORT-MCMORAN INC,FREEPORT MCMORAN COPPER & GOLD INC,831259,FCX,,SEC
SEC:0000310764,STRYKER CORP,,310764,SYK,,SEC
SEC:0001101239,EQUINIX INC,,1101239,EQIX,,SEC
SEC:0001534701,Phillips 66,,1534701,PSX,,SEC
SEC:0001045520,CANADIAN IMPERIAL BANK OF COMMERCE /CAN/,,1045520,CM,,SEC
SEC:0000927653,MCKESSON CORP,MCKESSON HBOC INC,927653,MCK,,SEC
SEC:0001039765,ING GROEP NV,,1039765,ING,,SEC
SEC:0001390777,Bank of New York Mellon Corp,,1390777,BNY,,SEC
SEC:0001639920,Spotify Technology S.A.,,1639920,SPOT,,SEC
SEC:0000002809,AGNICO EAGLE MINES LTD,,2809,AEM,,SEC
SEC:0001121404,Sanofi,SANOFI-AVENTIS|SANOFI SYNTHELABO SA,1121404,SNY,,SEC
SEC:0001131399,GSK plc,GLAXOSMITHKLINE PLC,1131399,GSK,,SEC
SEC:0001103838,ICICI BANK LTD,,1103838,IBN,,SEC
SEC:0001169486,"TOKIO MARINE HOLDINGS, INC.",MILLEA HOLDINGS INC,1169486,TKOMY,,SEC
SEC:0001140625,EQUINOR ASA,STATOIL ASA|STATOILHYDRO ASA,1140625,EQNR,,SEC
SEC:0001017413,CANADIAN NATURAL RESOURCES Ltd,,1017413,CNQ,,SEC
SEC:0000092122,SOUTHERN CO,SOUTHERN CO,92122,SO,,SEC
SEC:0001674101,Vertiv Holdings Co,GS Acquisition Holdings Corp,1674101,VRT,,SEC
SEC:0001050915,"QUANTA SERVICES, INC.",QUANTA SERVICES INC,1050915,PWR,,SEC
SEC:0001156375,CME GROUP INC.,CHICAGO MERCANTILE EXCHANGE HOLDINGS INC,1156375,CME,,SEC
SEC:0001559720,"Airbnb, Inc.","Airbnb, Inc.",1559720,ABNB,,SEC
SEC:0001466258,Trane Technologies plc,Ingersoll-Rand plc,1466258,TT,,SEC
SEC:0000860730,"HCA Healthcare, Inc.","HCA Holdings, Inc.|HCA INC/TN|HCA THE HEALTHCARE CO|HCA-THE HEALTHCARE CO|COLUMBIA HCA HEALTHCARE CORP|COLUMBIA HCA HEALTHCARE CORP/|COLUMBIA HEALTHCARE CORP",860730,HCA,,SEC
SEC:0000796343,ADOBE INC.,ADOBE SYSTEMS INC,796343,ADBE,,SEC
SEC:0001868275,Constellation Energy Corp,"Constellation Newholdco, Inc.",1868275,CEG,,SEC
SEC:0002039784,"Midea Group Co., Ltd./ADR",,2039784,MGCLY,,SEC
SEC:0000040533,GENERAL DYNAMICS CORP,,40533,GD,,SEC
SEC:0001132597,Itau Unibanco Holding S.A.,Itau Unibanco Banco Multiplo S.A.|BANCO ITAU HOLDING FINANCEIRA S A|BANCO ITAU SA,1132597,ITUB,,SEC
SEC:0000036104,US BANCORP \DE\,FIRST BANK SYSTEM INC,36104,USB,,SEC
SEC:0001099590,MERCADOLIBRE INC,,1099590,MELI,,SEC
SEC:0001404912,KKR & Co. Inc.,KKR & Co. L.P.,1404912,KKR,,SEC
SEC:0000713676,"PNC FINANCIAL SERVICES GROUP, INC.",PNC FINANCIAL SERVICES GROUP INC|PNC BANK CORP,713676,PNC,,SEC
SEC:0001326160,Duke Energy CORP,Duke Energy Holding Corp.|Deer Holding Corp.,1326160,DUK,,SEC
SEC:0001048286,MARRIOTT INTERNATIONAL INC /MD/,MARRIOTT INTERNATIONAL INC /MD/|NEW MARRIOTT MI INC,1048286,MAR,,SEC
SEC:0000004281,Howmet Aerospace Inc.,Arconic Inc.|ALCOA INC.|ALCOA INC|ALUMINUM CO OF AMERICA,4281,HWM,,SEC
SEC:0001107457,INFINEON TECHNOLOGIES AG,,1107457,IFNNY,,SEC
SEC:0001561550,"Datadog, Inc.",,1561550,DDOG,,SEC
SEC:0000833444,Johnson Controls International plc,TYCO INTERNATIONAL plc|TYCO INTERNATIONAL LTD|TYCO INTERNATIONAL LTD /BER/|ADT LIMITED,833444,JCI,,SEC
SEC:0000865752,Monster Beverage Corp,HANSEN NATURAL CORP,865752,MNST,,SEC
SEC:0001156039,"Elevance Health, Inc.","Anthem, Inc.|WELLPOINT, INC|WELLPOINT INC|ANTHEM INC",1156039,ELV,,SEC
SEC:0000107263,"WILLIAMS COMPANIES, INC.",WILLIAMS COMPANIES INC,107263,WMB,,SEC
SEC:0002098326,"Sany Heavy Industries Co., Ltd./ADR",,2098326,SNHIY,,SEC
SEC:0000066740,3M CO,MINNESOTA MINING & MANUFACTURING CO,66740,MMM,,SEC
SEC:0000032604,EMERSON ELECTRIC CO,,32604,EMR,,SEC
SEC:0001571949,"Intercontinental Exchange, Inc.","IntercontinentalExchange Group, Inc.",1571949,ICE,,SEC
SEC:0000277948,CSX CORP,,277948,CSX,,SEC
SEC:0001001085,BROOKFIELD Corp /ON/,BROOKFIELD ASSET MANAGEMENT INC.|BRASCAN CORP/|EDPERBRASCAN CORP,1001085,BN,,SEC
SEC:0001633978,Lumentum Holdings Inc.,,1633978,LITE,,SEC
SEC:0001160106,Lloyds Banking Group plc,LLOYDS TSB GROUP PLC,1160106,LYG,,SEC
SEC:0001792789,"DoorDash, Inc.","DoorDash, Inc.|DoorDash Inc",1792789,DASH,,SEC
SEC:0000312069,BARCLAYS PLC,,312069,BCS,,SEC
SEC:0000872589,"REGENERON PHARMACEUTICALS, INC.",REGENERON PHARMACEUTICALS INC,872589,REGN,,SEC
SEC:0000813672,CADENCE DESIGN SYSTEMS INC,,813672,CDNS,,SEC
SEC:0000823768,WASTE MANAGEMENT INC,USA WASTE SERVICES INC,823768,WM,,SEC
SEC:0001061219,ENTERPRISE PRODUCTS PARTNERS L.P.,ENTERPRISE PRODUCTS PARTNERS L P|ENTERPRISES PRODUCTS PARTNERS L P,1061219,EPD,,SEC
SEC:0001053507,AMERICAN TOWER CORP /MA/,AMERICAN TOWER SYSTEMS CORP,1053507,AMT,,SEC
SEC:0001664703,Bloom Energy Corp,,1664703,BE,,SEC
SEC:0001645590,Hewlett Packard Enterprise Co,,1645590,HPE,,SEC
SEC:0001090727,UNITED PARCEL SERVICE INC,,1090727,UPS,,SEC
SEC:0001059556,MOODYS CORP /DE/,DUN & BRADSTREET CORP /DE/|NEW DUN & BRADSTREET CORP,1059556,MCO,,SEC
SEC:0000062709,"MARSH & MCLENNAN COMPANIES, INC.",MARSH & MCLENNAN COMPANIES INC,62709,MRSH,,SEC
SEC:0001166691,COMCAST CORP,AT&T COMCAST CORP,1166691,CMCSA,,SEC
SEC:0000089800,SHERWIN WILLIAMS CO,,89800,SHW,,SEC
SEC:0000311337,SUNCOR ENERGY INC,SUNCOR ENERGY INC.,311337,SU,,SEC
SEC:0000723254,CINTAS CORP,,723254,CTAS,,SEC
SEC:0000883241,SYNOPSYS INC,,883241,SNPS,,SEC
SEC:0001063761,SIMON PROPERTY GROUP INC.,SIMON PROPERTY GROUP INC /DE/|CORPORATE PROPERTY INVESTORS INC,1063761,SPG,,SEC
SEC:0000895564,BAE SYSTEMS PLC /FI/,BRITISH AEROSPACE PUBLIC LTD CO /FI/,895564,BAESY,,SEC
SEC:0001103982,"Mondelez International, Inc.",KRAFT FOODS INC,1103982,MDLZ,,SEC
SEC:0000087347,SLB LIMITED/NV,SCHLUMBERGER LIMITED/NV|SCHLUMBERGER LTD /NV/|SCHLUMBERGER LTD /NY/,87347,SLB,,SEC
SEC:0001004315,NATIONAL GRID PLC,NATIONAL GRID TRANSCO PLC|NATIONAL GRID GROUP PLC,1004315,NGG,,SEC
SEC:0000016875,CANADIAN PACIFIC KANSAS CITY LTD/CN,CANADIAN PACIFIC RAILWAY LTD/CN|CANADIAN PACIFIC RAILWAY CO/CN,16875,CP,,SEC
SEC:0000896878,INTUIT INC.,INTUIT INC,896878,INTU,,SEC
SEC:0000031462,ECOLAB INC.,ECOLAB INC,31462,ECL,,SEC
SEC:0001437107,"Warner Bros. Discovery, Inc.","Discovery, Inc.|Discovery Communications, Inc.",1437107,WBD,,SEC
SEC:0001002242,ENI SPA,,1002242,E,,SEC
SEC:0000049826,ILLINOIS TOOL WORKS INC,,49826,ITW,,SEC
SEC:0000068505,"Motorola Solutions, Inc.",MOTOROLA INC,68505,MSI,,SEC
SEC:0001110646,"NetEase, Inc.","NETEASE.COM, INC.|NETEASE COM INC",1110646,NTES,,SEC
SEC:0001467858,General Motors Co,,1467858,GM,,SEC
SEC:0000086312,"TRAVELERS COMPANIES, INC.",ST PAUL TRAVELERS COMPANIES INC|ST PAUL COMPANIES INC /MN/|ST PAUL FIRE & MARINE INSURANCE CO/MD,86312,TRV,,SEC
SEC:0000745732,"ROSS STORES, INC.",ROSS STORES INC,745732,ROST,,SEC
SEC:0001937926,Brookfield Asset Management Ltd.,,1937926,BAM,,SEC
SEC:0000844150,NatWest Group plc,ROYAL BANK OF SCOTLAND GROUP PLC,844150,NWG,,SEC
SEC:0001858681,"Apollo Global Management, Inc.","Tango Holdings, Inc.",1858681,APO,,SEC
SEC:0000821189,EOG RESOURCES INC,ENRON OIL & GAS CO,821189,EOG,,SEC
SEC:0001086888,MANULIFE FINANCIAL CORP,,1086888,MFC,,SEC
SEC:0001690820,CARVANA CO.,,1690820,CVNA,,SEC
SEC:0001682852,"Moderna, Inc.","Moderna Therapeutics, Inc.",1682852,MRNA,,SEC
SEC:0001739940,Cigna Group,"Cigna Corp|Halfmoon Parent, Inc.",1739940,CI,,SEC
SEC:0000027419,TARGET CORP,DAYTON HUDSON CORP,27419,TGT,,SEC
SEC:0001648416,Ferrari N.V.,NEW BUSINESS NETHERLANDS N.V.,1648416,RACE,,SEC
SEC:0001133421,NORTHROP GRUMMAN CORP /DE/,NNG INC,1133421,NOC,,SEC
SEC:0000756894,BARRICK MINING CORP,BARRICK GOLD CORP,756894,B,,SEC
SEC:0000016868,CANADIAN NATIONAL RAILWAY CO,,16868,CNI,,SEC
SEC:0000026172,CUMMINS INC,CUMMINS ENGINE CO INC,26172,CMI,,SEC
SEC:0001276187,Energy Transfer LP,"Energy Transfer Equity, L.P.|LAGRANGE ENERGY LP",1276187,ET,,SEC
SEC:0001159508,DEUTSCHE BANK AKTIENGESELLSCHAFT,,1159508,DB,,SEC
SEC:0000702165,NORFOLK SOUTHERN CORP,,702165,NSC,,SEC
SEC:0001297996,"DIGITAL REALTY TRUST, INC.",,1297996,DLR,,SEC
SEC:0001048911,FEDEX CORP,FDX CORP,1048911,FDX,,SEC
SEC:0000898173,O REILLY AUTOMOTIVE INC,OREILLY AUTOMOTIVE INC,898173,ORLY,,SEC
SEC:0001506307,"KINDER MORGAN, INC.",Kinder Morgan Holdco LLC,1506307,KMI,,SEC
SEC:0001585689,Hilton Worldwide Holdings Inc.,,1585689,HLT,,SEC
SEC:0001323404,Wheaton Precious Metals Corp.,Silver Wheaton Corp.,1323404,WPM,,SEC
SEC:0000021665,COLGATE PALMOLIVE CO,COLGATE PALMOLIVE CO,21665,CL,,SEC
SEC:0001691493,Nu Holdings Ltd.,,1691493,NU,,SEC
SEC:0001280452,"MONOLITHIC POWER SYSTEMS, INC.",MONOLITHIC POWER SYSTEMS INC,1280452,MPWR,,SEC
SEC:0001050446,Strategy Inc,MICROSTRATEGY INC|MICROSTRATEGY Inc,1050446,MSTR,,SEC
SEC:0000773840,HONEYWELL INTERNATIONAL INC,ALLIEDSIGNAL INC|ALLIED SIGNAL INC,773840,HON,,SEC
SEC:0001129137,AMERICA MOVIL SAB DE CV/,AMERICA MOVIL SA DE CV/|AMERICA MOVIL SA DE CV,1129137,AMX,,SEC
SEC:0001060391,"REPUBLIC SERVICES, INC.",REPUBLIC SERVICES INC,1060391,RSG,,SEC
SEC:0000004904,AMERICAN ELECTRIC POWER CO INC,AMERICAN ELECTRIC POWER COMPANY INC,4904,AEP,,SEC
SEC:0001067701,"UNITED RENTALS, INC.",UNITED RENTALS INC /DE,1067701,URI,,SEC
SEC:0000885725,BOSTON SCIENTIFIC CORP,,885725,BSX,,SEC
SEC:0001033767,UNITED MICROELECTRONICS CORP,,1033767,UMC,,SEC
SEC:0001513845,Nebius Group N.V.,Yandex N.V.,1513845,NBIS,,SEC
SEC:0000002969,"Air Products & Chemicals, Inc.",AIR PRODUCTS & CHEMICALS INC /DE/,2969,APD,,SEC
SEC:0001703399,Sea Ltd,Sea Ltd,1703399,SE,,SEC
SEC:0001736297,"Astera Labs, Inc.",,1736297,ALAB,,SEC
SEC:0000884887,ROYAL CARIBBEAN CRUISES LTD,,884887,RCL,,SEC
SEC:0000097210,"TERADYNE, INC",TERADYNE INC,97210,TER,,SEC
SEC:0001274152,CSL LTD,,1274152,CSLLY,,SEC
SEC:0001385157,TE Connectivity plc,TE Connectivity Ltd.|Tyco Electronics Ltd.,1385157,TEL,,SEC
SEC:0001389170,Targa Resources Corp.,Targa Resources Corp.|Targa Resources Investments Inc.,1389170,TRGP,,SEC
SEC:0001099219,METLIFE INC,,1099219,MET,,SEC
SEC:0001260221,TransDigm Group INC,TD HOLDING CORP,1260221,TDG,,SEC
SEC:0001395064,TAKEDA PHARMACEUTICAL CO LTD,,1395064,TAK,,SEC
SEC:0000315293,Aon plc,AON CORP,315293,AON,,SEC
SEC:0001697862,ARGENX SE,argenx N.V,1697862,ARGX,,SEC
SEC:0000924613,NOKIA CORP,,924613,NOK,,SEC
SEC:0000917851,Vale S.A.,Vale S.A.|Companhia Vale do Rio Doce|VALLEY OF THE RIO DOCE CO|VALLEY OF THE DOCE RIVER CO,917851,VALE,,SEC
SEC:0000820318,COHERENT CORP.,II-VI INC,820318,COHR,,SEC
SEC:0001140859,"Cencora, Inc.",AMERISOURCEBERGEN CORP|AMERISOURCE BERGEN CORP,1140859,COR,,SEC
SEC:0001552000,MPLX LP,,1552000,MPLX,,SEC
SEC:0000277135,"W.W. GRAINGER, INC.",GRAINGER W W INC,277135,GWW,,SEC
SEC:0000075362,PACCAR INC,,75362,PCAR,,SEC
SEC:0001413447,NXP Semiconductors N.V.,KASLION Acquisition B.V.,1413447,NXPI,,SEC
SEC:0000850918,GREAT-WEST LIFECO INC.,GREAT WEST LIFECO INC,850918,GWLIF,,SEC
SEC:0001601046,"Keysight Technologies, Inc.",,1601046,KEYS,,SEC
SEC:0000354190,Arthur J. Gallagher & Co.,GALLAGHER ARTHUR J & CO,354190,AJG,,SEC
SEC:0000092230,TRUIST FINANCIAL CORP,BB&T CORP|SOUTHERN NATIONAL CORP /NC/,92230,TFC,,SEC
SEC:0000849395,CRH PUBLIC LTD CO,,849395,CRH,,SEC
SEC:0001475260,CENOVUS ENERGY INC.,,1475260,CVE,,SEC
SEC:0000899051,ALLSTATE CORP,,899051,ALL,,SEC
SEC:0000004977,AFLAC INC,,4977,AFL,,SEC
SEC:0001039684,ONEOK INC /NEW/,ONEOK INC /NEW/|WAI INC,1039684,OKE,,SEC
SEC:0000929869,RELX PLC,REED ELSEVIER PLC|REED ELSEVIER NV|REED INTERNATIONAL PLC,929869,RELX,,SEC
SEC:0000815556,FASTENAL CO,FASTENAL COMPANY,815556,FAST,,SEC
SEC:0001035983,COMFORT SYSTEMS USA INC,COMFORT SYSTEMS USA INC,1035983,FIX,,SEC
SEC:0000797468,OCCIDENTAL PETROLEUM CORP /DE/,,797468,OXY,,SEC
SEC:0001701605,Baker Hughes Co,"Baker Hughes a GE Co|Bear Newco, Inc.",1701605,BKR,,SEC
SEC:0000003570,"Cheniere Energy, Inc.",CHENIERE ENERGY INC|BEXY COMMUNICATIONS INC,3570,LNG,,SEC
SEC:0001604821,"Natera, Inc.","Natera, Inc.",1604821,NTRA,,SEC
SEC:0001037868,AMETEK INC/,,1037868,AME,,SEC
SEC:0000073309,NUCOR CORP,,73309,NUE,,SEC
SEC:0001243429,ArcelorMittal,ARCELOR,1243429,MT,,SEC
SEC:0000715957,"DOMINION ENERGY, INC",DOMINION ENERGY INC /VA/|DOMINION RESOURCES INC /VA/,715957,D,,SEC
SEC:0000027904,"DELTA AIR LINES, INC.",DELTA AIR LINES INC /DE/,27904,DAL,,SEC
SEC:0001121788,GARMIN LTD,,1121788,GRMN,,SEC
SEC:0001393311,Public Storage,,1393311,PSA,,SEC
SEC:0001755672,"Corteva, Inc.",,1755672,CTVA,,SEC
SEC:0000726728,REALTY INCOME CORP,,726728,O,,SEC
SEC:0000320187,"NIKE, Inc.",NIKE INC,320187,NKE,,SEC
SEC:0001679788,"Coinbase Global, Inc.",,1679788,COIN,,SEC
SEC:0002089271,Honeywell Aerospace Inc.,Honeywell Aerospace LLC,2089271,HONA,,SEC
SEC:0001032208,SEMPRA,SEMPRA ENERGY|MINERAL ENERGY CO,1032208,SRE,,SEC
SEC:0001120193,"NASDAQ, INC.","NASDAQ OMX GROUP, INC.|NASDAQ STOCK MARKET INC",1120193,NDAQ,,SEC
SEC:0000936395,CIENA CORP,,936395,CIEN,,SEC
SEC:0001842726,London Stock Exchange Group plc,,1842726,LSEGY,,SEC
SEC:0001973832,AngloGold Ashanti PLC,AngloGold Ashanti (UK) Ltd,1973832,AU,,SEC
SEC:0001136808,E.ON SE,E ON AG,1136808,EONGY,,SEC
SEC:0000037996,FORD MOTOR CO,,37996,F,,SEC
SEC:0001539838,"Diamondback Energy, Inc.","Diamondback Energy, Inc.",1539838,FANG,,SEC
SEC:0001090012,DEVON ENERGY CORP/DE,DEVON ENERGY CORP|DEVON DELAWARE CORP,1090012,DVN,,SEC
SEC:0000721371,CARDINAL HEALTH INC,CARDINAL HEALTH INC|CARDINAL DISTRIBUTION INC,721371,CAH,,SEC
SEC:0001456346,FRANCO NEVADA Corp,,1456346,FNV,,SEC
SEC:0001099800,Edwards Lifesciences Corp,CVG CONTROLLED INC,1099800,EW,,SEC
SEC:0002021728,Cerebras Systems Inc.,,2021728,CBRS,,SEC
SEC:0000010795,BECTON DICKINSON & CO,,10795,BDX,,SEC
SEC:0000093751,STATE STREET CORP,STATE STREET CORP|STATE STREET Corp|STATE STREET BOSTON CORP,93751,STT,,SEC
SEC:0001065088,EBAY INC,,1065088,EBAY,,SEC
SEC:0000943452,WESTINGHOUSE AIR BRAKE TECHNOLOGIES CORP,WABTEC CORP|WESTINGHOUSE AIR BRAKE CO /DE/,943452,WAB,,SEC
SEC:0000835403,DIAGEO PLC,,835403,DEO,,SEC
SEC:0000065984,ENTERGY CORP /DE/,ENTERGY CORP/FL,65984,ETR,,SEC
SEC:0000906107,VIVMARK RESIDENTIAL,EQUITY RESIDENTIAL|EQUITY RESIDENTIAL PROPERTIES TRUST,906107,VMRK,,SEC
SEC:0001769628,"CoreWeave, Inc.",Atlantic Crypto Corp,1769628,CRWV,,SEC
SEC:0001650372,Atlassian Corp,Atlassian Corp Plc,1650372,TEAM,,SEC
SEC:0000035527,FIFTH THIRD BANCORP,,35527,FITB,,SEC
SEC:0000932787,STMicroelectronics N.V.,STMICROELECTRONICS NV|SGS THOMSON MICROELECTRONICS NV,932787,STM,,SEC
SEC:0001024478,"ROCKWELL AUTOMATION, INC",ROCKWELL AUTOMATION INC|ROCKWELL  AUTOMATION INC|ROCKWELL INTERNATIONAL CORP|NEW ROCKWELL INTERNATIONAL CORP,1024478,ROK,,SEC
SEC:0001692819,Vistra Corp.,Vistra Energy Corp.|Vistra Energy Corp,1692819,VST,,SEC
SEC:0001090872,"AGILENT TECHNOLOGIES, INC.",AGILENT TECHNOLOGIES INC,1090872,A,,SEC
SEC:0001565025,AMBEV S.A.,InBev Corporate Holdings Inc.,1565025,ABEV,,SEC
SEC:0002021390,Galderma Group AG/ADR,,2021390,GALDY,,SEC
SEC:0001512673,"Block, Inc.","Square, Inc.",1512673,XYZ,,SEC
SEC:0001819994,Rocket Lab Corp,"Rocket Lab USA, Inc.|Vector Acquisition Corp",1819994,RKLB,,SEC
SEC:0000818686,TEVA PHARMACEUTICAL INDUSTRIES LTD,TEVA PHARMACEUTICAL INDUSTRIES LIMITED,818686,TEVA,,SEC
SEC:0002046386,Medline Inc.,,2046386,MDLN,,SEC
SEC:0000769397,"Autodesk, Inc.",AUTODESK INC,769397,ADSK,,SEC
SEC:0001327811,"Workday, Inc.",Workday Inc|North Tahoe Power Tools Inc,1327811,WDAY,,SEC
SEC:0000820027,AMERIPRISE FINANCIAL INC,AMERICAN EXPRESS FINANCIAL CORP|AMERICAN EXPRESS FINANCIAL ADVISORS|IDS FINANCIAL CORP/MN/,820027,AMP,,SEC
SEC:0001783180,CARRIER GLOBAL Corp,,1783180,CARR,,SEC
SEC:0002018139,Toyota Tsusho Corporation/ADR,,2018139,TYHOY,,SEC
SEC:0001633917,"PayPal Holdings, Inc.",,1633917,PYPL,,SEC
SEC:0001445930,KB Financial Group Inc.,,1445930,KB,,SEC
SEC:0001650107,COCA-COLA EUROPACIFIC PARTNERS plc,COCA-COLA EUROPEAN PARTNERS plc|COCA-COLA EUROPEAN PARTNERS LTD|Spark Orange Ltd,1650107,CCEP,,SEC
SEC:0001097362,SUN LIFE FINANCIAL INC,SUN LIFE FINANCIAL SERVICES INC|SUN LIFE FINANCIAL SERVICES OF CANADA INC,1097362,SLF,,SEC
SEC:0000072903,XCEL ENERGY INC,NORTHERN STATES POWER CO /MN/,72903,XEL,,SEC
SEC:0000202058,"L3HARRIS TECHNOLOGIES, INC. /DE/",HARRIS CORP /DE/,202058,LHX,,SEC
SEC:0000049071,HUMANA INC,,49071,HUM,,SEC
SEC:0001030894,CELESTICA INC,,1030894,CLS,,SEC
SEC:0001478242,IQVIA HOLDINGS INC.,"Quintiles IMS Holdings, Inc.|Quintiles Transnational Holdings Inc.",1478242,IQV,,SEC
SEC:0000740260,"Ventas, Inc.",VENTAS INC|VENCOR INC,740260,VTR,,SEC
SEC:0001471055,Banco Santander (Brasil) S.A.,,1471055,BSBR,,SEC
SEC:0001067491,Infosys Ltd,INFOSYS TECHNOLOGIES LTD,1067491,INFY,,SEC
SEC:0001447669,TWILIO INC,,1447669,TWLO,,SEC
SEC:0000046619,HEICO CORP,,46619,HEI,,SEC
SEC:0001109357,EXELON CORP,,1109357,EXC,,SEC
SEC:0001420798,RECKITT BENCKISER GROUP PLC,,1420798,RBGLY,,SEC
SEC:0002011641,Ferguson Enterprises Inc. /DE/,,2011641,FERG,,SEC
SEC:0001393052,VEEVA SYSTEMS INC,VERTICALS ONDEMAND INC,1393052,VEEV,,SEC
SEC:0001418135,Keurig Dr Pepper Inc.,"Dr Pepper Snapple Group, Inc.|CSAB Inc.",1418135,KDP,,SEC
SEC:0000095227,SUMITOMO ELECTRIC INDUSTRIES LTD/ADR/,,95227,SMTOY,,SEC
SEC:0000715153,HONDA MOTOR CO LTD,,715153,HMC,,SEC
SEC:0001000697,WATERS CORP /DE/,,1000697,WAT,,SEC
SEC:0000866374,FLEX LTD.,FLEXTRONICS INTERNATIONAL LTD.|FLEXTRONICS INTERNATIONAL LTD,866374,FLEX,,SEC
SEC:0001058090,CHIPOTLE MEXICAN GRILL INC,,1058090,CMG,,SEC
SEC:0001176948,Ares Management Corp,ARES MANAGEMENT LP,1176948,ARES,,SEC
SEC:0001651308,BeOne Medicines Ltd.,"BeiGene, Ltd.",1651308,ONC,,SEC
SEC:0001061736,MEXICAN ECONOMIC DEVELOPMENT INC,,1061736,FMX,,SEC
SEC:0001628171,"Revolution Medicines, Inc.",,1628171,RVMD,,SEC
SEC:0001070304,ORIX CORP,,1070304,IX,,SEC
SEC:0001075124,THOMSON REUTERS CORP /CAN/,THOMSON CORP /CAN/,1075124,TRI,,SEC
SEC:0001009001,CAMECO CORP,,1009001,CCJ,,SEC
SEC:0000874716,IDEXX LABORATORIES INC /DE,,874716,IDXX,,SEC
SEC:0000827054,MICROCHIP TECHNOLOGY INC,,827054,MCHP,,SEC
SEC:0001069336,SWISSCOM AG,,1069336,SCMWY,,SEC
SEC:0001446250,Bayerische Motoren Werke AG/ADR,Bayerische Motoren Werke AG,1446250,BMWKY,,SEC
SEC:0001138118,"CBRE GROUP, INC.",CB RICHARD ELLIS GROUP INC|CB RICHARD ELLIS SERVICES INC|CBRE HOLDING INC,1138118,CBRE,,SEC
SEC:0001900304,Haleon plc,DRVW 2022 Ltd,1900304,HLN,,SEC
SEC:0000723531,PAYCHEX INC,,723531,PAYX,,SEC
SEC:0002065485,JX Advanced Metals Corporation/ADR,,2065485,JXAMY,,SEC
SEC:0001137774,PRUDENTIAL FINANCIAL INC,,1137774,PRU,,SEC
SEC:0001468522,Ferrovial N.V.,"Ferrovial SE|Ferrovial, S.A.|Cintra Concesiones de Infraestructuras de Transporte, S.A.",1468522,FER,,SEC
SEC:0000007084,Archer-Daniels-Midland Co,Archer-Daniels-Midland Co|ARCHER DANIELS MIDLAND CO,7084,ADM,,SEC
SEC:0000882184,HORTON D R INC /DE/,,882184,DHI,,SEC
SEC:0001408198,MSCI Inc.,,1408198,MSCI,,SEC
SEC:0001335258,"Live Nation Entertainment, Inc.","Live Nation, Inc.|CCE Spinco, Inc.",1335258,LYV,,SEC
SEC:0000005272,"AMERICAN INTERNATIONAL GROUP, INC.",AMERICAN INTERNATIONAL GROUP INC,5272,AIG,,SEC
SEC:0001318220,"Waste Connections, Inc.",Progressive Waste Solutions Ltd.|IESI-BFC Ltd|BFI Canada Ltd|BFI Canada Income Fund,1318220,WCN,,SEC
SEC:0001004980,PG&E Corp,PG&E CORP|PG&E Corp|PG&E PARENT CO INC,1004980,PCG,,SEC
SEC:0001263043,SHINHAN FINANCIAL GROUP CO LTD,,1263043,SHG,,SEC
SEC:0000946581,TAKE TWO INTERACTIVE SOFTWARE INC,,946581,TTWO,,SEC
SEC:0000839923,VODAFONE GROUP PUBLIC LTD CO,VODAFONE AIRTOUCH PUBLIC LIMITED CO|VODAFONE GROUP PUBLIC LIMITED CO|VODAFONE GROUP PUBLIC LIMITED COMPANY,839923,VOD,,SEC
SEC:0001047862,CONSOLIDATED EDISON INC,,1047862,ED,,SEC
SEC:0002071868,"Jiangsu Hengrui Pharmaceuticals Co., Ltd./ADR",,2071868,JHPCY,,SEC
SEC:0001041061,YUM BRANDS INC,TRICON GLOBAL RESTAURANTS INC,1041061,YUM,,SEC
SEC:0001172724,GOLD FIELDS LTD,GOLD FIELD LTD,1172724,GFI,,SEC
SEC:0001002047,"NetApp, Inc.",NETWORK APPLIANCE INC,1002047,NTAP,,SEC
SEC:0001160330,BANK BRADESCO,BANK BRADESCO,1160330,BBD,,SEC
SEC:0000096021,SYSCO CORP,,96021,SYY,,SEC
SEC:0000100517,"United Airlines Holdings, Inc.","United Continental Holdings, Inc.|UAL CORP /DE/",100517,UAL,,SEC
SEC:0001110803,"ILLUMINA, INC.",ILLUMINA INC,1110803,ILMN,,SEC
SEC:0001069183,"AXON ENTERPRISE, INC.",TASER INTERNATIONAL INC,1069183,AXON,,SEC
SEC:0001549802,"JD.com, Inc.",,1549802,JD,,SEC
SEC:0001474432,"Everpure, Inc.","PURE Storage, Inc.|Pure Storage, Inc.|Os76, Inc.",1474432,P,,SEC
SEC:0001745201,Viking Holdings Ltd,,1745201,VIK,,SEC
SEC:0000878927,"OLD DOMINION FREIGHT LINE, INC.",OLD DOMINION FREIGHT LINE INC/VA,878927,ODFL,,SEC
SEC:0001725964,Nutrien Ltd.,,1725964,NTR,,SEC
SEC:0000882835,ROPER TECHNOLOGIES INC,ROPER TECHNOLOGIES INC|ROPER INDUSTRIES INC|ROPER INDUSTRIES INC /DE/,882835,ROP,,SEC
SEC:0001315098,Roblox Corp,,1315098,RBLX,,SEC
SEC:0001807794,Credo Technology Group Holding Ltd,,1807794,CRDO,,SEC
SEC:0001001250,ESTEE LAUDER COMPANIES INC,,1001250,EL,,SEC
SEC:0001132924,CHUNGHWA TELECOM CO LTD,,1132924,CHT,,SEC
SEC:0001805284,"Rocket Companies, Inc.",,1805284,RKT,,SEC
SEC:0001973266,"TKO Group Holdings, Inc.",New Whale Inc.,1973266,TKO,,SEC
SEC:0000916076,MARTIN MARIETTA MATERIALS INC,,916076,MLM,,SEC
SEC:0001441816,"MongoDB, Inc.",10GEN INC,1441816,MDB,,SEC
SEC:0001447391,RESONA HOLDINGS INC,,1447391,RSHGY,,SEC
SEC:0001020569,IRON MOUNTAIN INC,IRON MOUNTAIN INC/PA|PIERCE LEAHY CORP,1020569,IRM,,SEC
SEC:0000874766,"HARTFORD INSURANCE GROUP, INC.","HARTFORD INSURANCE GROUP, INC.|HARTFORD FINANCIAL SERVICES GROUP, INC.|HARTFORD FINANCIAL SERVICES GROUP INC/DE|ITT HARTFORD GROUP INC /DE",874766,HIG,,SEC
SEC:0001511737,Ubiquiti Inc.,"Ubiquiti Networks, Inc.",1511737,UI,,SEC
SEC:0001027664,ELBIT SYSTEMS LTD,,1027664,ESLT,,SEC
SEC:0001444406,ECOPETROL S.A.,,1444406,EC,,SEC
SEC:0000056873,KROGER CO,,56873,KR,,SEC
SEC:0000788784,PUBLIC SERVICE ENTERPRISE GROUP INC,,788784,PEG,,SEC
SEC:0002073893,Dollarama Inc./ADR,,2073893,DLMAY,,SEC
SEC:0001660134,"Okta, Inc.",,1660134,OKTA,,SEC
SEC:0001944048,Kenvue Inc.,"JNTL, Inc.",1944048,KVUE,,SEC
SEC:0001713683,"Zscaler, Inc.",,1713683,ZS,,SEC
SEC:0001093557,DEXCOM INC,,1093557,DXCM,,SEC
SEC:0000886986,TECK RESOURCES LTD,TECK COMINCO LTD|TECK CORP,886986,TECK,,SEC
SEC:0001178670,"ALNYLAM PHARMACEUTICALS, INC.",ALNYLAM PHARMACEUTICALS INC,1178670,ALNY,,SEC
SEC:0000701818,KINROSS GOLD CORP,,701818,KGC,,SEC
SEC:0001802768,Royalty Pharma plc,,1802768,RPRX,,SEC
SEC:0000047111,HERSHEY CO,HERSHEY FOODS CORP,47111,HSY,,SEC
SEC:0000783325,"WEC ENERGY GROUP, INC.",WISCONSIN ENERGY CORP,783325,WEC,,SEC
SEC:0001022671,STEEL DYNAMICS INC,STEEL DYNAMICS INC,1022671,STLD,,SEC
SEC:0000875045,BIOGEN INC.,BIOGEN IDEC INC.|BIOGEN IDEC INC|IDEC PHARMACEUTICALS CORP / DE|IDEC PHARMACEUTICALS CORP / CA,875045,BIIB,,SEC
SEC:0000915191,FAIRFAX FINANCIAL HOLDINGS LTD/ CAN,FAIRFAX FINANCIAL HOLDINGS INC|FAIRFAX FINANCIAL HOLDINGS LTD,915191,FRFHF,,SEC
SEC:0000105634,"EMCOR Group, Inc.",EMCOR GROUP INC|JWP INC/DE/,105634,EME,,SEC
SEC:0001618756,Restaurant Brands International Inc.,9060669 Canada Inc.|1011773 B.C. Unlimited Liability Co,1618756,QSR,,SEC
SEC:0000055785,KIMBERLY CLARK CORP,,55785,KMB,,SEC
SEC:0001469059,Capitec Limited/ADR,Capitec Bank Holdings Ltd / ADR,1469059,CKHGF,,SEC
SEC:0002007855,"Venture Global, Inc.",,2007855,VG,,SEC
SEC:0000947484,ARCH CAPITAL GROUP LTD.,ARCH CAPITAL GROUP LTD|RISK CAPITAL HOLDINGS INC,947484,ACGL,,SEC
SEC:0000036270,M&T BANK CORP,FIRST EMPIRE STATE CORP,36270,MTB,,SEC
SEC:0000943819,RESMED INC,,943819,RMD,,SEC
SEC:0001324424,"Expedia Group, Inc.","Expedia, Inc.",1324424,EXPE,,SEC
SEC:0000898293,JABIL INC,JABIL CIRCUIT INC,898293,JBL,,SEC
SEC:0000717826,ERICSSON LM TELEPHONE CO,,717826,ERIC,,SEC
SEC:0000033213,EQT Corp,EQUITABLE RESOURCES INC /PA/,33213,EQT,,SEC
SEC:0000073124,NORTHERN TRUST CORP,,73124,NTRS,,SEC
SEC:0001396009,Vulcan Materials CO,"Virginia Holdco, Inc.",1396009,VMC,,SEC
SEC:0001116578,PRUDENTIAL PLC,,1116578,PUK,,SEC
SEC:0001383650,"Cheniere Energy Partners, L.P.",,1383650,CQP,,SEC
SEC:0001051470,CROWN CASTLE INC.,CROWN CASTLE INTERNATIONAL CORP,1051470,CCI,,SEC
SEC:0000049196,HUNTINGTON BANCSHARES INC /MD/,HUNTINGTON BANCSHARES INC /MD/|HUNTINGTON BANCSHARES INC/MD,49196,HBAN,,SEC
SEC:0001167379,ALCON INC,,1167379,ALC,,SEC
SEC:0001071739,CENTENE CORP,,1071739,CNC,,SEC
SEC:0001329099,"Baidu, Inc.","Baidu.com, Inc.",1329099,BIDU,,SEC
SEC:0001001290,CREDICORP LTD,,1001290,BAP,,SEC
SEC:0002083785,"Sunbelt Rentals Holdings, Inc.",,2083785,SUNB,,SEC
SEC:0000720005,RAYMOND JAMES FINANCIAL INC,,720005,RJF,,SEC
SEC:0000815097,Carnival Corp Ltd.,CARNIVAL CORP|CARNIVAL CRUISE LINES INC,815097,CCL,,SEC
SEC:0001535759,Kongsberg Gruppen ASA/ADR,,1535759,KBGGY,,SEC
SEC:0001555280,Zoetis Inc.,,1555280,ZTS,,SEC
SEC:0001289490,Extra Space Storage Inc.,,1289490,EXR,,SEC
SEC:0001037646,METTLER TOLEDO INTERNATIONAL INC/,MT INVESTORS INC/|METTLER TOLEDO INTERNATIONAL INC|MT INVESTORS INC,1037646,MTD,,SEC
SEC:0001932393,GE HealthCare Technologies Inc.,GE Healthcare Holding LLC,1932393,GEHC,,SEC
SEC:0001890126,Universal Music Group N.V./ADR,,1890126,UNVGY,,SEC
SEC:0000904868,Fresenius SE & Co. KGaA,FRESENIUS SE|FRESENIUS AKTIENGESELLSCHAFT,904868,FSNUY,,SEC
SEC:0001713445,"Reddit, Inc.","Reddit, Inc.",1713445,RDDT,,SEC
SEC:0001163653,NOMURA HOLDINGS INC,,1163653,NMR,,SEC
SEC:0001038683,RYANAIR HOLDINGS PLC,,1038683,RYAAY,,SEC
SEC:0000047217,HP INC,HEWLETT PACKARD CO,47217,HPQ,,SEC
SEC:0001699150,Ingersoll Rand Inc.,"GARDNER DENVER HOLDINGS, INC.",1699150,IR,,SEC
SEC:0001097864,ON SEMICONDUCTOR CORP,SCG HOLDING CORP,1097864,ON,,SEC
SEC:0001637459,Kraft Heinz Co,H.J. Heinz Holding Corp,1637459,KHC,,SEC
SEC:0001094285,TELEDYNE TECHNOLOGIES INC,,1094285,TDY,,SEC
SEC:0001190723,TENARIS SA,,1190723,TS,,SEC
SEC:0001002910,AMEREN CORP,,1002910,AEE,,SEC
SEC:0001140536,WILLIS TOWERS WATSON PLC,WILLIS GROUP HOLDINGS PLC|WILLIS GROUP HOLDINGS LTD,1140536,WTW,,SEC
SEC:0001681459,TechnipFMC plc,TechnipFMC Ltd,1681459,FTI,,SEC
SEC:0001635088,Roivant Sciences Ltd.,,1635088,ROIV,,SEC
SEC:0001374310,"Cboe Global Markets, Inc.","CBOE Holdings, Inc.",1374310,CBOE,,SEC
SEC:0000759944,CITIZENS FINANCIAL GROUP INC/RI,CITIZENS FINANCIAL GROUP INC/DE,759944,CFG,,SEC
SEC:0001415404,EchoStar CORP,EchoStar Holding CORP,1415404,ECHO,,SEC
SEC:0001666175,Fortis Inc.,,1666175,FTS,,SEC
SEC:0000719955,WILLIAMS SONOMA INC,,719955,WSM,,SEC
SEC:0000045012,HALLIBURTON CO,,45012,HAL,,SEC
SEC:0000029534,DOLLAR GENERAL CORP,,29534,DG,,SEC
SEC:0001837240,Symbotic Inc.,SVF Investment Corp. 3|SVF Investment III Corp.,1837240,SYM,,SEC
SEC:0001014473,VERISIGN INC/CA,,1014473,VRSN,,SEC
SEC:0001375365,"Super Micro Computer, Inc.",,1375365,SMCI,,SEC
SEC:0001754301,Fox Corp,"NEW FOX, INC.",1754301,FOXA,,SEC
SEC:0001709048,GLOBALFOUNDRIES Inc.,,1709048,GFS,,SEC
SEC:0001546066,PEMBINA PIPELINE CORP,,1546066,PBA,,SEC
SEC:0000731802,ATMOS ENERGY CORP,,731802,ATO,,SEC
SEC:0000900075,COPART INC,,900075,CPRT,,SEC
SEC:0001410636,"American Water Works Company, Inc.",,1410636,AWK,,SEC
SEC:0001058290,COGNIZANT TECHNOLOGY SOLUTIONS CORP,,1058290,CTSH,,SEC
SEC:0001104506,INSMED Inc,,1104506,INSM,,SEC
SEC:0001585521,"Zoom Communications, Inc.","Zoom Video Communications, Inc.",1585521,ZM,,SEC
SEC:0001705696,VICI PROPERTIES INC.,,1705696,VICI,,SEC
SEC:0000105770,WEST PHARMACEUTICAL SERVICES INC,WEST CO INC,105770,WST,,SEC
SEC:0001720635,nVent Electric plc,,1720635,NVT,,SEC
SEC:0000928876,TOWER SEMICONDUCTOR LTD,,928876,TSEM,,SEC
SEC:0001834584,"Coupang, Inc.",,1834584,CPNG,,SEC
SEC:0000936340,DTE ENERGY CO,DTE HOLDINGS INC,936340,DTE,,SEC
SEC:0002058873,"Qnity Electronics, Inc.","Novus SpinCo 1, Inc.",2058873,Q,,SEC
SEC:0001022079,QUEST DIAGNOSTICS INC,CORNING CLINICAL LABORATORIES INC,1022079,DGX,,SEC
SEC:0001876042,"Circle Internet Group, Inc.",Circle Internet Financial Ltd|Circle Internet Finance Public Ltd Co|CIrcle Acquisition Public Ltd Co,1876042,CRCL,,SEC
SEC:0001031296,FIRSTENERGY CORP,,1031296,FE,,SEC
SEC:0000879169,INCYTE CORP,INCYTE INC|INCYTE GENOMICS INC|INCYTE PHARMACEUTICALS INC,879169,INCY,,SEC
SEC:0001175454,"CORPAY, INC.",FLEETCOR TECHNOLOGIES INC,1175454,CPAY,,SEC
SEC:0001781335,Otis Worldwide Corp,,1781335,OTIS,,SEC
SEC:0001300514,LAS VEGAS SANDS CORP,,1300514,LVS,,SEC
SEC:0001269238,Trip.com Group Ltd,CTRIP COM INTERNATIONAL LTD,1269238,TCOM,,SEC
SEC:0001048695,"F5, INC.","F5 NETWORKS, INC.|F5 NETWORKS INC",1048695,FFIV,,SEC
SEC:0000020286,CINCINNATI FINANCIAL CORP,,20286,CINF,,SEC
SEC:0001018963,ATI INC,ALLEGHENY TECHNOLOGIES INC|ALLEGHENY TELEDYNE INC,1018963,ATI,,SEC
SEC:0000920148,LABCORP HOLDINGS INC.,LABORATORY CORP OF AMERICA HOLDINGS|NATIONAL HEALTH LABORATORIES HOLDINGS INC,920148,LH,,SEC
SEC:0001776985,BioNTech SE,,1776985,BNTX,,SEC
SEC:0000011544,BERKLEY W R CORP,,11544,WRB,,SEC
SEC:0001780312,"AST SpaceMobile, Inc.","AST SpaceMobile, Inc.|New Providence Acquisition Corp.",1780312,ASTS,,SEC
SEC:0000029905,DOVER Corp,,29905,DOV,,SEC
SEC:0001524472,Xylem Inc.,"ITT WCO, Inc.",1524472,XYL,,SEC
SEC:0000072741,EVERSOURCE ENERGY,NORTHEAST UTILITIES|NORTHEAST UTILITIES SYSTEM,72741,ES,,SEC
SEC:0001130310,CENTERPOINT ENERGY INC,CENTERPOINT ENERGY INC|RELIANT ENERGY REGCO INC,1130310,CNP,,SEC
SEC:0000922224,PPL Corp,PP&L RESOURCES INC,922224,PPL,,SEC
SEC:0001811074,Texas Pacific Land Corp,,1811074,TPL,,SEC
SEC:0001397911,LPL Financial Holdings Inc.,LPL Investment Holdings Inc.,1397911,LPLA,,SEC
SEC:0000313216,KONINKLIJKE PHILIPS NV,KONINKLIJKE PHILIPS ELECTRONICS NV|PHILIPS ELECTRONICS N V,313216,PHG,,SEC
SEC:0000746515,EXPEDITORS INTERNATIONAL OF WASHINGTON INC,,746515,EXPD,,SEC
SEC:0001126328,PRINCIPAL FINANCIAL GROUP INC,,1126328,PFG,,SEC
SEC:0000798354,FISERV INC,,798354,FISV,,SEC
SEC:0002005951,Smurfit Westrock plc,Smurfit WestRock Ltd,2005951,SW,,SEC
SEC:0000940944,DARDEN RESTAURANTS INC,,940944,DRI,,SEC
SEC:0000048898,HUBBELL INC,,48898,HUBB,,SEC
SEC:0001820953,"Affirm Holdings, Inc.",,1820953,AFRM,,SEC
SEC:0001885110,Chocoladefabriken Lindt & Spruengli AG/ADR,,1885110,CHLSY,,SEC
SEC:0001576280,"Guardant Health, Inc.",,1576280,GH,,SEC
SEC:0001281761,REGIONS FINANCIAL CORP,NEW REGIONS FINANCIAL CORP,1281761,RF,,SEC
SEC:0001957132,"SharkNinja, Inc.","SharkNinja Global SPV, Ltd.",1957132,SN,,SEC
SEC:0000079879,PPG INDUSTRIES INC,,79879,PPG,,SEC
SEC:0001601712,Synchrony Financial,Synchrony Financial,1601712,SYF,,SEC
SEC:0001403568,"Ulta Beauty, Inc.","Ulta Salon, Cosmetics & Fragrance, Inc.",1403568,ULTA,,SEC
SEC:0000798941,FIRST CITIZENS BANCSHARES INC /DE/,,798941,FCNCA,,SEC
SEC:0001967680,Veralto Corp,,1967680,VLTO,,SEC
SEC:0000822416,PULTEGROUP INC/MI/,PULTE HOMES INC/MI/|PULTE CORP,822416,PHM,,SEC
SEC:0002058897,Grupo Cibest S.A.,,2058897,CIB,,SEC
SEC:0002004711,Bending Spoons S.p.A.,,2004711,BSP,,SEC
SEC:0001943896,"Rubrik, Inc.","Rubrik, Inc.",1943896,RBRK,,SEC
SEC:0001039610,EDP ENERGIAS DE PORTUGAL SA,EDP ELECTRICIDADE DE PORTUGAL SA,1039610,EDPFY,,SEC
SEC:0001428439,"ROKU, INC",ROKU INC,1428439,ROKU,,SEC
SEC:0001101302,ENTEGRIS INC,,1101302,ENTG,,SEC
SEC:0000313927,CHURCH & DWIGHT CO INC /DE/,,313927,CHD,,SEC
SEC:0000858446,INTERCONTINENTAL HOTELS GROUP PLC /NEW/,SIX CONTINENTS PLC|BASS PUBLIC LIMITED CO,858446,IHG,,SEC
SEC:0001378789,AerCap Holdings N.V.,,1378789,AER,,SEC
SEC:0001123360,GLOBAL PAYMENTS INC,,1123360,GPN,,SEC
SEC:0001116132,"TAPESTRY, INC.",COACH INC,1116132,TPR,,SEC
SEC:0001163420,MTN GROUP LTD/ADR,,1163420,MTNOY,,SEC
SEC:0001442145,"Verisk Analytics, Inc.",,1442145,VRSK,,SEC
SEC:0001642896,Samsara Inc.,Samsara Networks Inc.,1642896,IOT,,SEC
SEC:0000728535,HUNT J B TRANSPORT SERVICES INC,,728535,JBHT,,SEC
SEC:0001113169,PRICE T ROWE GROUP INC,,1113169,TROW,,SEC
SEC:0001818874,"SoFi Technologies, Inc.",Social Capital Hedosophia Holdings Corp. V,1818874,SOFI,,SEC
SEC:0001567094,CNH Industrial N.V.,FI CBM Holdings N.V.,1567094,CNH,,SEC
SEC:0002093536,"Arxis, Inc.",,2093536,ARXS,,SEC
SEC:0001874178,"Rivian Automotive, Inc. / DE",,1874178,RIVN,,SEC
SEC:0000091576,KEYCORP /NEW/,KEYCORP/NEW|SOCIETY CORP,91576,KEY,,SEC
SEC:0001560385,Liberty Media Corp,"Liberty Spinco, Inc.",1560385,FWONA,,SEC
SEC:0001096343,MARKEL GROUP INC.,MARKEL CORP|MARKEL HOLDINGS INC,1096343,MKL,,SEC
SEC:0001758730,Tradeweb Markets Inc.,,1758730,TW,,SEC
SEC:0000051253,INTERNATIONAL FLAVORS & FRAGRANCES INC,,51253,IFF,,SEC
SEC:0000935703,"DOLLAR TREE, INC.",DOLLAR TREE INC|DOLLAR TREE STORES INC,935703,DLTR,,SEC
SEC:0000085535,ROYAL GOLD INC,ROYAL GOLD INC /DE/,85535,RGLD,,SEC
SEC:0000060086,LOEWS CORP,,60086,L,,SEC
SEC:0000726958,CASEYS GENERAL STORES INC,,726958,CASY,,SEC
SEC:0001434265,GENMAB A/S,,1434265,GMAB,,SEC
SEC:0001474968,Geely Automobile Holdings Limited/ADR,,1474968,GELHY,,SEC
SEC:0001013871,"NRG ENERGY, INC.","NRG ENERGY, INC.|NRG ENERGY INC",1013871,NRG,,SEC
SEC:0001996862,Bunge Global SA,,1996862,BG,,SEC
SEC:0001274494,"FIRST SOLAR, INC.",FIRST SOLAR HOLDINGS LLC,1274494,FSLR,,SEC
SEC:0001161125,BANK OF CHILE,,1161125,BCH,,SEC
SEC:0001861737,Hesai Group,,1861737,HSAI,,SEC
SEC:0001082554,UNITED THERAPEUTICS Corp,,1082554,UTHR,,SEC
SEC:0000827052,EDISON INTERNATIONAL,SCECORP,827052,EIX,,SEC
SEC:0000070318,TENET HEALTHCARE CORP,NATIONAL MEDICAL ENTERPRISES INC /NV/,70318,THC,,SEC
SEC:0001493594,"MACOM Technology Solutions Holdings, Inc.","M/A-COM Technology Solutions Holdings, Inc.",1493594,MTSI,,SEC
SEC:0000075677,PACKAGING CORP OF AMERICA,,75677,PKG,,SEC
SEC:0001142231,HEINEKEN HOLDING N V,,1142231,HKHHY,,SEC
SEC:0002035989,Amrize Ltd,Evertect AG,2035989,AMRZ,,SEC
SEC:0001653192,Cheung Kong Property Holdings Limited/ADR,,1653192,CNGKY,,SEC
SEC:0000904851,YPF SOCIEDAD ANONIMA,,904851,YPF,,SEC
SEC:0000771992,PAN AMERICAN SILVER CORP,,771992,PAAS,,SEC
SEC:0001166003,"XPO, Inc.","XPO Logistics, Inc.|EXPRESS-1 EXPEDITED SOLUTIONS INC|SEGMENTZ INC",1166003,XPO,,SEC
SEC:0000079282,"BROWN & BROWN, INC.","BROWN & BROWN, INC|BROWN & BROWN INC|POE & BROWN INC",79282,BRO,,SEC
SEC:0000215466,"Coeur Mining, Inc.",COEUR D ALENE MINES CORP,215466,CDE,,SEC
SEC:0001037038,RALPH LAUREN CORP,POLO RALPH LAUREN CORP,1037038,RL,,SEC
SEC:0000029989,OMNICOM GROUP INC.,OMNICOM GROUP INC,29989,OMC,,SEC
SEC:0000092380,SOUTHWEST AIRLINES CO,,92380,LUV,,SEC
SEC:0001665918,US Foods Holding Corp.,,1665918,USFD,,SEC
SEC:0002026053,PERSHING SQUARE INC.,"PERSHING SQUARE HOLDCO, L.P.",2026053,PS,,SEC
SEC:0000026324,CURTISS WRIGHT CORP,,26324,CW,,SEC
SEC:0000718940,BCE INC,,718940,BCE,,SEC
SEC:0001751788,DOW INC.,Dow Holdings Inc.,1751788,DOW,,SEC
SEC:0001757898,STERIS plc,STERIS Ltd,1757898,STE,,SEC
SEC:0000895126,EXPAND ENERGY Corp,CHESAPEAKE ENERGY CORP,895126,EXE,,SEC
SEC:0000811156,CMS ENERGY CORP,,811156,CMS,,SEC
SEC:0000909037,CHEMICAL & MINING CO OF CHILE INC,,909037,SQM,,SEC
SEC:0000016918,"CONSTELLATION BRANDS, INC.",CONSTELLATION BRANDS INC|CANANDAIGUA BRANDS INC|CANANDAIGUA WINE CO INC,16918,STZ,,SEC
SEC:0000764478,BEST BUY CO INC,,764478,BBY,,SEC
SEC:0000814547,FAIR ISAAC CORP,FAIR ISAAC & COMPANY INC,814547,FICO,,SEC
SEC:0000920760,LENNAR CORP /NEW/,PACIFIC GREYSTONE CORP /DE/,920760,LEN,,SEC
SEC:0001748790,Amcor plc,ARCTIC JERSEY Ltd,1748790,AMCR,,SEC
SEC:0000017843,CARPENTER TECHNOLOGY CORP,,17843,CRS,,SEC
SEC:0001792044,Viatris Inc,Upjohn Inc,1792044,VTRS,,SEC
SEC:0000861884,"RELIANCE, INC.",RELIANCE STEEL & ALUMINUM CO,861884,RS,,SEC
SEC:0001590364,FTAI Aviation Ltd.,Fortress Transportation & Infrastructure Investors LLC|Fortress Transportation & Infrastructure Investors Ltd.,1590364,FTAI,,SEC
SEC:0001915657,HF Sinclair Corp,,1915657,DINO,,SEC
SEC:0000108312,"Woodward, Inc.",WOODWARD GOVERNOR CO,108312,WWD,,SEC
SEC:0001489393,LyondellBasell Industries N.V.,,1489393,LYB,,SEC
SEC:0001111711,NISOURCE INC.,NISOURCE INC/DE|NEW NISOURCE INC,1111711,NI,,SEC
SEC:0000091440,Snap-on Inc,SNAP ON INC|SNAP ON TOOLS CORP,91440,SNA,,SEC
SEC:0001878848,IREN Ltd,Iris Energy Ltd|Iris Energy Pty Ltd,1878848,IREN,,SEC
SEC:0001264136,WOORI FINANCIAL GROUP INC.,WOORI BANK|WOORI FINANCE HOLDINGS CO LTD,1264136,WF,,SEC
SEC:0001066119,TELEFONICA BRASIL S.A.,TELEFONICA BRASIL S.A.|TELESP HOLDING CO|TELESP PARTICIPACOES SA,1066119,VIV,,SEC
SEC:0001423902,"Western Midstream Partners, LP","Western Gas Equity Partners, LP|WGR Holdings LLC",1423902,WES,,SEC
SEC:0001126113,TELENOR ASA,,1126113,TELNY,,SEC
SEC:0001170858,COMPANHIA DE SANEAMENTO BASICO DO ESTADO DE SAO PAULO-SABESP,,1170858,SBS,,SEC
SEC:0001810806,Unity Software Inc.,,1810806,U,,SEC
SEC:0000040704,GENERAL MILLS INC,,40704,GIS,,SEC
SEC:0000920522,"ESSEX PROPERTY TRUST, INC.",ESSEX PORTFOLIO LP|ESSEX PROPERTY TRUST INC,920522,ESS,,SEC
SEC:0001618732,"Nutanix, Inc.",,1618732,NTNX,,SEC
SEC:0000051434,INTERNATIONAL PAPER CO /NEW/,,51434,IP,,SEC
SEC:0001451809,SITIME Corp,,1451809,SITM,,SEC
SEC:0000033185,EQUIFAX INC,EQUIFAX INC,33185,EFX,,SEC
SEC:0001034054,SBA COMMUNICATIONS CORP,,1034054,SBAC,,SEC
SEC:0001402436,SS&C Technologies Holdings Inc,,1402436,SSNC,,SEC
SEC:0001383312,"BROADRIDGE FINANCIAL SOLUTIONS, INC.","BROADRIDGE FINANCIAL SOLUTIONS, INC.|BROADRIDGE FINANCIAL SOLUTIONS, LLC|BSG LLC",1383312,BR,,SEC
SEC:0001324404,"CF Industries Holdings, Inc.",,1324404,CF,,SEC
SEC:0001402057,CDW Corp,"VH Holdings, Inc.",1402057,CDW,,SEC
SEC:0001711269,"Evergy, Inc.","Monarch Energy Holding, Inc.",1711269,EVRG,,SEC
SEC:0000100493,"TYSON FOODS, INC.",TYSON FOODS INC,100493,TSN,,SEC
SEC:0001985487,Joint Stock Co Kaspi.kz,,1985487,KSPI,,SEC
SEC:0001605484,Stellantis N.V.,Fiat Chrysler Automobiles N.V.|Fiat Investments N.V.,1605484,STLA,,SEC
SEC:0001658566,Permian Resources Corp,"Centennial Resource Development, Inc.|Silver Run Acquisition Corp",1658566,PR,,SEC
SEC:0000733099,ROGERS COMMUNICATIONS INC,,733099,RCI,,SEC
SEC:0000015615,MASTEC INC,BURNUP & SIMS INC,15615,MTZ,,SEC
SEC:0001809587,KE Holdings Inc.,,1809587,BEKE,,SEC
SEC:0001136893,"Fidelity National Information Services, Inc.",CERTEGY INC|EQUIFAX PS INC,1136893,FIS,,SEC
SEC:0002082247,"FedEx Freight Holding Company, Inc.",,2082247,FDXF,,SEC
SEC:0000040987,GENUINE PARTS CO,,40987,GPC,,SEC
SEC:0001136869,"ZIMMER BIOMET HOLDINGS, INC.",ZIMMER HOLDINGS INC,1136869,ZBH,,SEC
SEC:0001880661,TPG Inc.,"TPG Partners, LLC",1880661,TPG,,SEC
SEC:0000072331,NORDSON CORP,,72331,NDSN,,SEC
SEC:0001666700,"DuPont de Nemours, Inc.",DowDuPont Inc.,1666700,DD,,SEC
SEC:0000889132,POSCO HOLDINGS INC.,POSCO|POHANG IRON & STEEL CO LTD,889132,PKX,,SEC
SEC:0000929008,WESCO INTERNATIONAL INC,CDW HOLDING CORP,929008,WCC,,SEC
SEC:0001668397,"Medpace Holdings, Inc.",,1668397,MEDP,,SEC
SEC:0002071881,Tourmaline Oil Corp/ADR,,2071881,TRMOY,,SEC
SEC:0001049502,MKS INC,MKS INSTRUMENTS INC,1049502,MKSI,,SEC
SEC:0001043277,"C. H. ROBINSON WORLDWIDE, INC.",C H ROBINSON WORLDWIDE INC,1043277,CHRW,,SEC
SEC:0001070423,PLAINS ALL AMERICAN PIPELINE LP,,1070423,PAA,,SEC
SEC:0001719117,ASR Nederland N.V./ADR,,1719117,ARNNY,,SEC
SEC:0001069157,EAST WEST BANCORP INC,,1069157,EWBC,,SEC
SEC:0001829311,"BITMINE IMMERSION TECHNOLOGIES, INC.","Sandy Springs Holdings, Inc.",1829311,BMNR,,SEC
SEC:0001582961,"DigitalOcean Holdings, Inc.","Digital Ocean, Inc.",1582961,DOCN,,SEC
SEC:0000855658,LATTICE SEMICONDUCTOR CORP,,855658,LSCC,,SEC
SEC:0000704532,ONTO INNOVATION INC.,NANOMETRICS INC,704532,ONTO,,SEC
SEC:0000916365,TRACTOR SUPPLY CO /DE/,,916365,TSCO,,SEC
SEC:0000877212,ZEBRA TECHNOLOGIES CORP,ZEBRA TECHNOLOGIES CORP/DE,877212,ZBRA,,SEC
SEC:0001650164,"Toast, Inc.",,1650164,TOST,,SEC
SEC:0000861967,WOLTERS KLUWER N V /FI,WOLTERS KLUWER N V                                      /FI,861967,WTKWY,,SEC
SEC:0000749098,MAGNA INTERNATIONAL INC,,749098,MGA,,SEC
SEC:0000906163,NVR INC,,906163,NVR,,SEC
SEC:0001086222,AKAMAI TECHNOLOGIES INC,,1086222,AKAM,,SEC
SEC:0000038777,FRANKLIN TEMPLETON INC,FRANKLIN RESOURCES INC,38777,BEN,,SEC
SEC:0001659166,Fortive Corp,,1659166,FTV,,SEC
SEC:0000352541,ALLIANT ENERGY CORP,ALLIANT ENERGY CORP|INTERSTATE ENERGY CORP|WPL HOLDINGS INC,352541,LNT,,SEC
SEC:0000052988,JACOBS SOLUTIONS INC.,JACOBS ENGINEERING GROUP INC /DE/,52988,J,,SEC
SEC:0001123799,WIPRO LTD,,1123799,WIT,,SEC
SEC:0000832101,IDEX CORP /DE/,,832101,IEX,,SEC
SEC:0001027552,BANCO SANTANDER CHILE,BANK SANTIAGO,1027552,BSAC,,SEC
SEC:0001481045,Daiwa Securities Group Inc.,,1481045,DSEEY,,SEC
SEC:0001773383,"Dynatrace, Inc.",Dynatrace Holdings LLC,1773383,DT,,SEC
SEC:0000822818,CLEAN HARBORS INC,,822818,CLH,,SEC
SEC:0001764757,DiDi Global Inc.,Xiaoju Kuaizhi Inc.,1764757,DIDIY,,SEC
SEC:0001824920,"IonQ, Inc.","dMY Technology Group, Inc. III",1824920,IONQ,,SEC
SEC:0001792580,Ovintiv Inc.,1847432 Alberta ULC,1792580,OVV,,SEC
SEC:0000088941,SEMTECH CORP,,88941,SMTC,,SEC
SEC:0001043219,ANNALY CAPITAL MANAGEMENT INC,ANNALY MORTGAGE MANAGEMENT INC,1043219,NLY,,SEC
SEC:0001859392,Galaxy Digital Inc.,Galaxy Digital Pubco Inc.,1859392,GLXY,,SEC
SEC:0001796209,APi Group Corp,,1796209,APG,,SEC
SEC:0000898174,REINSURANCE GROUP OF AMERICA INC,,898174,RGA,,SEC
SEC:0000849399,Gen Digital Inc.,NortonLifeLock Inc.|SYMANTEC CORP,849399,GEN,,SEC
SEC:0001687229,Invitation Homes Inc.,,1687229,INVH,,SEC
SEC:0001754581,Futu Holdings Ltd,,1754581,FUTU,,SEC
SEC:0001988894,"Amer Sports, Inc.",,1988894,AS,,SEC
SEC:0001579298,"Burlington Stores, Inc.","Burlington Holdings, Inc.",1579298,BURL,,SEC
SEC:0001968385,BAWAG Group AG/ADR,,1968385,BAWAY,,SEC
SEC:0002102907,Resolution Minerals Ltd,,2102907,RML,,SEC
SEC:0000031791,"REVVITY, INC.",PERKINELMER INC|EG&G INC,31791,RVTY,,SEC
SEC:0000009389,BALL Corp,,9389,BALL,,SEC
SEC:0001324948,RBC Bearings INC,,1324948,RBC,,SEC
SEC:0000912958,MILLICOM INTERNATIONAL CELLULAR SA,,912958,TIGO,,SEC
SEC:0001159152,James Hardie Industries plc,JAMES HARDIE INDUSTRIES SE|JAMES HARDIE INDUSTRIES N.V.|HARDIE JAMES INDUSTRIES NV,1159152,JHX,,SEC
SEC:0000874238,"STERLING INFRASTRUCTURE, INC.",STERLING CONSTRUCTION CO INC|OAKHURST CO INC|OAKHURST CAPITAL INC,874238,STRL,,SEC
SEC:0000084839,ROLLINS INC,,84839,ROL,,SEC
SEC:0002098381,"Lens Technology Co., Ltd./ADR",,2098381,LNTCY,,SEC
SEC:0001232524,Jazz Pharmaceuticals plc,JAZZ PHARMACEUTICALS INC,1232524,JAZZ,,SEC
SEC:0001564708,NEWS CORP,New Newscorp Inc|New Newscorp LLC,1564708,NWSA,,SEC
SEC:0001477049,Sprott Physical Gold Trust,,1477049,PHYS,,SEC
SEC:0001336920,"Leidos Holdings, Inc.","SAIC, Inc.",1336920,LDOS,,SEC
SEC:0001823945,BLUE OWL CAPITAL INC.,ALTIMAR ACQUISITION CORP.,1823945,OWL,,SEC
SEC:0001046102,RB GLOBAL INC.,RITCHIE BROS AUCTIONEERS INC,1046102,RBA,,SEC
SEC:0001635327,Flutter Entertainment plc,Stars Group Inc.|Amaya Inc.,1635327,FLUT,,SEC
SEC:0001612042,Ascendis Pharma A/S,,1612042,ASND,,SEC
SEC:0001070750,"HOST HOTELS & RESORTS, INC.",HOST MARRIOTT CORP/|HMC MERGER CORP,1070750,HST,,SEC
SEC:0000106535,WEYERHAEUSER CO,,106535,WY,,SEC
SEC:0001037976,JONES LANG LASALLE INC,LASALLE PARTNERS INC,1037976,JLL,,SEC
SEC:0001091667,"CHARTER COMMUNICATIONS, INC. /MO/",CHARTER COMMUNICATIONS INC /MO/,1091667,CHTR,,SEC
SEC:0001544379,"SCREEN Holdings Co., Ltd./ADR","Dainippon Screen Mfg. Co., Ltd./ADR",1544379,SCRNY,,SEC
SEC:0001025378,W. P. Carey Inc.,W P CAREY & CO LLC|CAREY W P & CO LLC|CAREY DIVERSIFIED LLC|CAREY DIVERSIFIED PROPERTIES LLC,1025378,WPC,,SEC
SEC:0001889539,"Corebridge Financial, Inc.","SAFG Retirement Services, Inc.",1889539,CRBG,,SEC
SEC:0001964738,Solventum Corp,3M Health Care Co,1964738,SOLV,,SEC
SEC:0001780232,GFL Environmental Inc.,GFL Environmental Holdings Inc.,1780232,GFL,,SEC
SEC:0000879101,KIMCO REALTY CORP,,879101,KIM,,SEC
SEC:0001032975,LOGITECH INTERNATIONAL S.A.,LOGITECH INTERNATIONAL SA,1032975,LOGI,,SEC
SEC:0001178819,ALAMOS GOLD INC,ALAMOS MINERALS LTD,1178819,AGI,,SEC
SEC:0001841666,APA Corp,,1841666,APA,,SEC
SEC:0001127248,EMERA INC,,1127248,EMA,,SEC
SEC:0000888491,OMEGA HEALTHCARE INVESTORS INC,,888491,OHI,,SEC
SEC:0001677250,ZTO Express (Cayman) Inc.,,1677250,ZTO,,SEC
SEC:0000857005,PTC INC.,PARAMETRIC TECHNOLOGY CORP,857005,PTC,,SEC
SEC:0000005513,Unum Group,UNUMPROVIDENT CORP|PROVIDENT COMPANIES INC /DE/|PROVIDENT COMPANIES INC /TN/|PROVIDENT LIFE & ACCIDENT INSURANCE CO OF AMERICA,5513,UNM,,SEC
SEC:0001584509,Aramark,ARAMARK Holdings Corp,1584509,ARMK,,SEC
SEC:0001756607,Equinox Gold Corp.,,1756607,EQX,,SEC
SEC:0001468174,Hyatt Hotels Corp,,1468174,H,,SEC
SEC:0001090425,LAMAR ADVERTISING CO/NEW,LAMAR NEW HOLDING CO,1090425,LAMR,,SEC
SEC:0002074176,"Viper Energy, Inc.","New Cobra Pubco, Inc.",2074176,VNOM,,SEC
SEC:0000765880,"HEALTHPEAK PROPERTIES, INC.","HCP, INC.|HEALTH CARE PROPERTY INVESTORS INC",765880,DOC,,SEC
SEC:0001076378,CEMEX SAB DE CV,CEMEX SA DE CV,1076378,CX,,SEC
SEC:0001618673,Performance Food Group Co,,1618673,PFGC,,SEC
SEC:0001616707,Wayfair Inc.,,1616707,W,,SEC
SEC:0000887225,KOREA ELECTRIC POWER CORP,KOREA ELECTRIC POWER CORPORATION,887225,KEP,,SEC
SEC:0000914475,NEUROCRINE BIOSCIENCES INC,,914475,NBIX,,SEC
SEC:0000939767,"EXELIXIS, INC.",EXELIXIS INC,939767,EXEL,,SEC
SEC:0001533232,Brookfield Renewable Partners L.P.,Brookfield Renewable Energy Partners L.P.,1533232,BEP,,SEC
SEC:0000912593,SUN COMMUNITIES INC,,912593,SUI,,SEC
SEC:0001408710,Fabrinet,,1408710,FN,,SEC
SEC:0002109150,INNIO N.V.,INNIO Group Holding B.V.|INNIO Holding GmbH,2109150,INIO,,SEC
SEC:0001061574,CGI INC,CGI GROUP INC,1061574,GIB,,SEC
SEC:0001333986,"Equitable Holdings, Inc.","AXA Equitable Holdings, Inc.|AXA AMERICA HOLDINGS, INC.",1333986,EQH,,SEC
SEC:0001527166,Carlyle Group Inc.,Carlyle Group L.P.,1527166,CG,,SEC
SEC:0002082866,"Pinnacle Financial Partners, Inc.",Steel Newco Inc.,2082866,PNFP,,SEC
SEC:0001319161,Warner Music Group Corp.,,1319161,WMG,,SEC
SEC:0001919275,Var Energi ASA/ADR,,1919275,VARRY,,SEC
SEC:0000059527,LINCOLN ELECTRIC HOLDINGS INC,LINCOLN ELECTRIC HOLDINGS INC|LINCOLN ELECTRIC CO,59527,LECO,,SEC
SEC:0001015922,CHECK POINT SOFTWARE TECHNOLOGIES LTD,,1015922,CHKP,,SEC
SEC:0001095073,"EVEREST GROUP, LTD.",EVEREST RE GROUP LTD|EVEREST REINSURANCE GROUP LTD,1095073,EG,,SEC
SEC:0000912595,MID AMERICA APARTMENT COMMUNITIES INC.,MID AMERICA APARTMENT COMMUNITIES INC,912595,MAA,,SEC
SEC:0001622536,Talen Energy Corp,,1622536,TLN,,SEC
SEC:0001673358,"Yum China Holdings, Inc.","Yum! China Holding, Inc.",1673358,YUMC,,SEC
SEC:0002077146,"OBIC Co., Ltd./ADR",,2077146,OBICY,,SEC
SEC:0001717115,"Tempus AI, Inc.","Tempus Labs, Inc.",1717115,TEM,,SEC
SEC:0001287750,ARES CAPITAL CORP,,1287750,ARCC,,SEC
SEC:0001100682,"CHARLES RIVER LABORATORIES INTERNATIONAL, INC.",CHARLES RIVER LABORATORIES INTERNATIONAL INC|CHARLES RIVER LABORATORIES HOLDINGS INC,1100682,CRL,,SEC
SEC:0001019849,"PENSKE AUTOMOTIVE GROUP, INC.",UNITED AUTO GROUP INC,1019849,PAG,,SEC
SEC:0000093556,"STANLEY BLACK & DECKER, INC.",STANLEY WORKS,93556,SWK,,SEC
SEC:0001015650,SK TELECOM CO LTD,,1015650,SKM,,SEC
SEC:0001494728,Sprott Physical Silver Trust,,1494728,PSLV,,SEC
SEC:0001552033,TransUnion,"TransUnion Holding Company, Inc.",1552033,TRU,,SEC
SEC:0001552275,Sunoco LP,Susser Petroleum Partners LP,1552275,SUN,,SEC
SEC:0000864749,TRIMBLE INC.,TRIMBLE NAVIGATION LTD /CA/,864749,TRMB,,SEC
SEC:0000910606,REGENCY CENTERS CORP,REGENCY REALTY CORP,910606,REG,,SEC
SEC:0000062996,MASCO CORP /DE/,,62996,MAS,,SEC
SEC:0000016058,CACI INTERNATIONAL INC /DE/,CACI INTERNATIONAL INC /DE/,16058,CACI,,SEC
SEC:0000915913,ALBEMARLE CORP,,915913,ALB,,SEC
SEC:0001355444,EMBRAER S.A.,Embraer - Empresa Brasileira de Aeronautica S.A.|EMPRESA BRASILEIRA DE AERONAUTICA S.A.|Rio Han Holding,1355444,EMBJ,,SEC
SEC:0000914208,Invesco Ltd.,Invesco Asset Management Deutschland GMBH|Invesco Ltd|INVESCO PLC/LONDON/|AMVESCAP PLC/LONDON/|AMVESCAP /LONDON/|INVESCO PLC /LONDON,914208,IVZ,,SEC
SEC:0000868675,TELUS CORP,TELUS CORPORATION,868675,TU,,SEC
SEC:0001599298,Summit Therapeutics Inc.,Summit Therapeutics plc|Summit Corp plc,1599298,SMMT,,SEC
SEC:0001206264,SOMNIGROUP INTERNATIONAL INC.,"TEMPUR SEALY INTERNATIONAL, INC.|TEMPUR PEDIC INTERNATIONAL INC|TWI HOLDINGS INC",1206264,SGI,,SEC
SEC:0002110105,Quantinuum Inc.,,2110105,QNT,,SEC
SEC:0000913144,RENAISSANCERE HOLDINGS LTD,,913144,RNR,,SEC
SEC:0000860731,TYLER TECHNOLOGIES INC,TYLER CORP /NEW/,860731,TYL,,SEC
SEC:0001743881,"BridgeBio Pharma, Inc.",BridgeBio Pharma LLC,1743881,BBIO,,SEC
SEC:0001267238,"ASSURANT, INC.",ASSURANT INC,1267238,AIZ,,SEC
SEC:0001001807,PERUSAHAAN PERSEROAN PERSERO PT TELEKOMUNIKASI INDONESIA TBK,TELECOMMUNICATIONS INDONESIA,1001807,TLK,,SEC
SEC:0001047127,"AMKOR TECHNOLOGY, INC.",AMKOR TECHNOLOGY INC,1047127,AMKR,,SEC
SEC:0001116942,TTM TECHNOLOGIES INC,,1116942,TTMI,,SEC
SEC:0001744676,Tencent Music Entertainment Group,,1744676,TME,,SEC
SEC:0000217346,TEXTRON INC,,217346,TXT,,SEC
SEC:0000004127,"SKYWORKS SOLUTIONS, INC.",SKYWORKS SOLUTIONS INC|ALPHA INDUSTRIES INC,4127,SWKS,,SEC
SEC:0001901440,UL Solutions Inc.,UL Solutions Inc.|UL Inc.,1901440,ULS,,SEC
SEC:0001483994,H World Group Ltd,"Huazhu Group Ltd|China Lodging Group, Ltd",1483994,HTHT,,SEC
SEC:0000089439,MUELLER INDUSTRIES INC,,89439,MLI,,SEC
SEC:0001486957,"BWX Technologies, Inc.",Babcock & Wilcox Co,1486957,BWXT,,SEC
SEC:0000769218,AEGON LTD.,AEGON NV,769218,AEG,,SEC
SEC:0000105016,WATSCO INC,,105016,WSO,,SEC
SEC:0000063754,MCCORMICK & CO INC,MCCORMICK & CO INC,63754,MKC,,SEC
SEC:0001089063,"DICK'S SPORTING GOODS, INC.",DICKS SPORTING GOODS INC,1089063,DKS,,SEC
SEC:0001236275,"QXO, Inc.","SilverSun Technologies, Inc.|TREY RESOURCES INC|TREY INDUSTRIES INC",1236275,QXO,,SEC
SEC:0000320335,GLOBE LIFE INC.,TORCHMARK CORP,320335,GL,,SEC
SEC:0001579241,Allegion plc,,1579241,ALLE,,SEC
SEC:0001964789,Hut 8 Corp.,,1964789,HUT,,SEC
SEC:0000790051,CARLISLE COMPANIES INC,,790051,CSL,,SEC
SEC:0001828108,"Aurora Innovation, Inc.",Reinvent Technology Partners Y,1828108,AUR,,SEC
SEC:0001060955,ICON PLC,ICON PLC  /ADR/,1060955,ICLR,,SEC
SEC:0000008818,Avery Dennison Corp,AVERY DENNISON CORPORATION,8818,AVY,,SEC
SEC:0001159036,"HALOZYME THERAPEUTICS, INC.",HALOZYME THERAPEUTICS INC|GLOBAL YACHT SERVICES INC,1159036,HALO,,SEC
SEC:0001762831,"Daifuku Co., Ltd./ADR",,1762831,DFKUY,,SEC
SEC:0001177609,"FIVE BELOW, INC",FIVE BELOW INC|CHEAP HOLDINGS INC,1177609,FIVE,,SEC
SEC:0000091419,J M SMUCKER Co,SMUCKER J M CO,91419,SJM,,SEC
SEC:0001855612,Grab Holdings Ltd,J1 Holdings Inc.,1855612,GRAB,,SEC
SEC:0001562401,American Homes 4 Rent,,1562401,AMH,,SEC
SEC:0000021175,CNA FINANCIAL CORP,,21175,CNA,,SEC
SEC:0000110621,RPM INTERNATIONAL INC/DE/,RPM INC/OH/,110621,RPM,,SEC
SEC:0001088856,CORCEPT THERAPEUTICS INC,,1088856,CORT,,SEC
SEC:0000719413,HECLA MINING CO/DE/,,719413,HL,,SEC
SEC:0001791942,JBS N.V.,JBS B.V.,1791942,JBS,,SEC
SEC:0000317540,"Coca-Cola Consolidated, Inc.",COCA COLA BOTTLING CO CONSOLIDATED /DE/,317540,COKE,,SEC
SEC:0001842022,"DT Midstream, Inc.",,1842022,DTM,,SEC
SEC:0001048268,"IES Holdings, Inc.","Integrated Electrical Services, Inc.|INTEGRATED ELECTRICAL SERVICES INC",1048268,IESC,,SEC
SEC:0001069202,LENNOX INTERNATIONAL INC,,1069202,LII,,SEC
SEC:0001852131,Nextpower Inc.,Nextracker Inc.|Nextracker LLC,1852131,NXT,,SEC
SEC:0000794170,"Toll Brothers, Inc.",TOLL BROTHERS INC,794170,TOL,,SEC
SEC:0001321732,Penumbra Inc,,1321732,PEN,,SEC
SEC:0001609711,GoDaddy Inc.,,1609711,GDDY,,SEC
SEC:0000074208,"UDR, Inc.",UNITED DOMINION REALTY TRUST INC,74208,UDR,,SEC
SEC:0000042888,GRACO INC,,42888,GGG,,SEC
SEC:0000350894,SEI INVESTMENTS CO,SEI CORP,350894,SEIC,,SEC
SEC:0002098430,Madison Air Solutions Corp,,2098430,MAIR,,SEC
SEC:0000908255,BORGWARNER INC,BORG WARNER AUTOMOTIVE INC,908255,BWA,,SEC
SEC:0001347557,Pacific Airport Group,,1347557,PAC,,SEC
SEC:0000046080,"HASBRO, INC.",HASBRO INC,46080,HAS,,SEC
SEC:0001048477,BIOMARIN PHARMACEUTICAL INC,,1048477,BMRN,,SEC
SEC:0001261333,"DOCUSIGN, INC.",DOCUSIGN INC,1261333,DOCU,,SEC
SEC:0001023514,HARMONY GOLD MINING CO LTD,,1023514,HMY,,SEC
SEC:0000785161,Encompass Health Corp,HEALTHSOUTH CORP|HEALTHSOUTH REHABILITATION CORP,785161,EHC,,SEC
SEC:0001528396,"Guidewire Software, Inc.","Guidewire Software, Inc.",1528396,GWRE,,SEC
SEC:0001322422,Hudbay Minerals Inc.,,1322422,HBM,,SEC
SEC:0000004457,U-Haul Holding Co /NV/,AMERCO /NV/,4457,UHAL,,SEC
SEC:0002072098,Toromont Industries Ltd./ADR,,2072098,TMTNY,,SEC
SEC:0001326380,GameStop Corp.,GSC Holdings Corp.,1326380,GME,,SEC
SEC:0000010456,BAXTER INTERNATIONAL INC,,10456,BAX,,SEC
SEC:0002080126,"Forgent Power Solutions, Inc.",,2080126,FPS,,SEC
SEC:0000751978,VICOR CORP,,751978,VICR,,SEC
SEC:0001474735,GENERAC HOLDINGS INC.,,1474735,GNRC,,SEC
SEC:0000922621,ERIE INDEMNITY CO,,922621,ERIE,,SEC
SEC:0000014693,BROWN FORMAN CORP,,14693,BF-B,,SEC
SEC:0000895417,EQUITY LIFESTYLE PROPERTIES INC,MANUFACTURED HOME COMMUNITIES INC,895417,ELS,,SEC
SEC:0001157601,"MADRIGAL PHARMACEUTICALS, INC.","MADRIGAL PHARMACEUTICALS, INC.|SYNTA PHARMACEUTICALS CORP",1157601,MDGL,,SEC
SEC:0001279956,YARA INTERNATIONAL ASA,,1279956,YARIY,,SEC
SEC:0000109563,APPLIED INDUSTRIAL TECHNOLOGIES INC,BEARINGS INC /OH/,109563,AIT,,SEC
SEC:0001333141,Fresenius Medical Care AG,Fresenius Medical Care AG & Co. KGaA,1333141,FMS,,SEC
SEC:0002030781,"SailPoint, Inc.","SailPoint Parent, LP",2030781,SAIL,,SEC
SEC:0000040729,Ally Financial Inc.,GMAC INC.|GMAC LLC|GENERAL MOTORS ACCEPTANCE CORP,40729,ALLY,,SEC
SEC:0001575965,"Gaming & Leisure Properties, Inc.",,1575965,GLPI,,SEC
SEC:0001056696,MANHATTAN ASSOCIATES INC,,1056696,MANH,,SEC
SEC:0001423689,AGNC Investment Corp.,American Capital Agency Corp,1423689,AGNC,,SEC
SEC:0001219601,"CROWN HOLDINGS, INC.",CROWN HOLDINGS INC,1219601,CCK,,SEC
SEC:0001675149,Alcoa Corp,Alcoa Upstream Corp,1675149,AA,,SEC
SEC:0001203464,IAMGOLD CORP,,1203464,IAG,,SEC
SEC:0002109234,BELIMO Holding AG/ADR,,2109234,BLMOY,,SEC
SEC:0000795403,WATTS WATER TECHNOLOGIES INC,WATTS WATER TECHNOLOGIES INC|WATTS INDUSTRIES INC,795403,WTS,,SEC
SEC:0000927066,DAVITA INC.,DAVITA HEALTHCARE PARTNERS INC.|DAVITA INC|TOTAL RENAL CARE HOLDINGS INC,927066,DVA,,SEC
SEC:0002071668,Magnum Ice Cream Co N.V.,Magnum Ice Cream Co B.V.|Magnum Ice Cream Company B.V.,2071668,MICC,,SEC
SEC:0001944013,Crane Co,,1944013,CR,,SEC
SEC:0001042046,AMERICAN FINANCIAL GROUP INC,AMERICAN FINANCIAL GROUP HOLDINGS INC,1042046,AFG,,SEC
SEC:0000909327,Suzano S.A.,Suzano Papel e Celulose S.A.|COMPANHIA SUZANO DE PAPEL E CELULOSE                    /FI,909327,SUZ,,SEC
SEC:0000067887,MOOG INC.,MOOG INC,67887,MOG-A,,SEC
SEC:0001057352,"COSTAR GROUP, INC.","COSTAR GROUP, INC.|COSTAR GROUP INC|REALTY INFORMATION GROUP INC",1057352,CSGP,,SEC
SEC:0001531152,"BJ's Wholesale Club Holdings, Inc.",Beacon Holding Inc.,1531152,BJ,,SEC
SEC:0000918608,ELDORADO GOLD CORP /FI,ELDORADO GOLD CORP                                      /FI,918608,EGO,,SEC
SEC:0001109345,NOVA LTD.,NOVA MEASURING INSTRUMENTS LTD,1109345,NVMI,,SEC
SEC:0001037540,"BXP, Inc.",BOSTON PROPERTIES INC,1037540,BXP,,SEC
SEC:0000845982,SMITH & NEPHEW PLC,,845982,SNN,,SEC
SEC:0002080845,PayPay Corp,,2080845,PAYP,,SEC
SEC:0000906345,CAMDEN PROPERTY TRUST,,906345,CPT,,SEC
SEC:0000078128,"Essential Utilities, Inc.",AQUA AMERICA INC|PHILADELPHIA SUBURBAN CORP,78128,WTRG,,SEC
SEC:0001739104,Elanco Animal Health Inc,,1739104,ELAN,,SEC
SEC:0002099039,Wise Group plc,,2099039,WSE,,SEC
SEC:0001397187,lululemon athletica inc.,Lululemon Corp.,1397187,LULU,,SEC
SEC:0001331875,"Fidelity National Financial, Inc.","Fidelity National Title Group, Inc.",1331875,FNF,,SEC
SEC:0001791706,Li Auto Inc.,Leading Ideal Inc.,1791706,LI,,SEC
SEC:0001632970,"American Healthcare REIT, Inc.","Griffin-American Healthcare REIT IV, Inc.|Griffin-American Healthcare REIT 4, Inc.",1632970,AHR,,SEC
SEC:0000842023,BIO-TECHNE Corp,TECHNE CORP /MN/,842023,TECH,,SEC
SEC:0000749251,GARTNER INC,GARTNER GROUP INC,749251,IT,,SEC
SEC:0001579878,"Figma, Inc.",,1579878,FIG,,SEC
SEC:0000917273,RAMBUS INC,,917273,RMBS,,SEC
SEC:0000897723,SANMINA CORP,SANMINA-SCI CORP|SANMINA CORP/DE,897723,SANM,,SEC
SEC:0001072397,BUNZL PLC,,1072397,BZLFY,,SEC
SEC:0000764622,PINNACLE WEST CAPITAL CORP,,764622,PNW,,SEC
SEC:0000007536,"ARROW ELECTRONICS, INC.","ARROW ELECTRONICS, INC|ARROW ELECTRONICS INC",7536,ARW,,SEC
SEC:0000003124,AKZO NOBEL NV,,3124,AKZOY,,SEC
SEC:0000048465,HORMEL FOODS CORP /DE/,HORMEL GEO A & CO,48465,HRL,,SEC
SEC:0000924805,Freedom Holding Corp.,BMB MUNAI INC|INTERUNION FINANCIAL CORP,924805,FRHC,,SEC
SEC:0001865782,"BrightSpring Health Services, Inc.",,1865782,BTSG,,SEC
SEC:0000720672,STIFEL FINANCIAL CORP,,720672,SF,,SEC
SEC:0001581280,Twist Bioscience Corp,,1581280,TWST,,SEC
SEC:0000036966,FIRST HORIZON CORP,FIRST HORIZON NATIONAL CORP|FIRST TENNESSEE NATIONAL CORP,36966,FHN,,SEC
SEC:0002041610,Paramount Skydance Corp,"New Pluto Global, Inc.",2041610,PSKY,,SEC
SEC:0001800667,JFrog Ltd,JFrog Ltd,1800667,FROG,,SEC
SEC:0001404655,HUBSPOT INC,,1404655,HUBS,,SEC
SEC:0001289460,"Texas Roadhouse, Inc.",,1289460,TXRH,,SEC
SEC:0001795586,"Chime Financial, Inc.",,1795586,CHYM,,SEC
SEC:0001883685,DraftKings Inc.,"New Duke Holdco, Inc.",1883685,DKNG,,SEC
SEC:0000049600,EASTGROUP PROPERTIES INC,EASTGROUP PROPERTIES II INC|EASTGROUP PROPERTIES,49600,EGP,,SEC
SEC:0001049724,DEUTSCHE LUFTHANSA A G                                  /FI,,1049724,DLAKY,,SEC
SEC:0000910521,DECKERS OUTDOOR CORP,,910521,DECK,,SEC
SEC:0000927003,ADVANCED ENERGY INDUSTRIES INC,,927003,AEIS,,SEC
SEC:0000930157,RENTOKIL INITIAL PLC /FI,RENTOKIL INITIAL PLC                                    /FI,930157,RTO,,SEC
SEC:0001492691,Knight-Swift Transportation Holdings Inc.,SWIFT TRANSPORTATION Co|SWIFT TRANSPORTATION CO|SWIFT HOLDINGS CORP.,1492691,KNX,,SEC
SEC:0001097149,ALIGN TECHNOLOGY INC,,1097149,ALGN,,SEC
SEC:0001801729,"Nitori Holdings Co., Ltd.",,1801729,NCLTY,,SEC
SEC:0000913290,Frontline plc,FRONTLINE LTD /|LONDON & OVERSEAS FREIGHTERS LTD,913290,FRO,,SEC
SEC:0001579428,"Axsome Therapeutics, Inc.",,1579428,AXSM,,SEC
SEC:0001787425,XP Inc.,,1787425,XP,,SEC
SEC:0001501585,"HUNTINGTON INGALLS INDUSTRIES, INC.","HUNTINGTON INGALLS INDUSTRIES, INC.|New Ships, Inc.",1501585,HII,,SEC
SEC:0001366868,"Globalstar, Inc.",,1366868,GSAT,,SEC
SEC:0001433270,ANTERO RESOURCES Corp,ANTERO RESOURCES APPALACHIAN CORP|ANTERO RESOURCES BARNETT CORP,1433270,AR,,SEC
SEC:0000352915,UNIVERSAL HEALTH SERVICES INC,,352915,UHS,,SEC
SEC:0000089089,SERVICE CORP INTERNATIONAL,SERVICE CORPORATION INTERNATIONAL,89089,SCI,,SEC
SEC:0001770787,"10x Genomics, Inc.",,1770787,TXG,,SEC
SEC:0000071691,NEW YORK TIMES CO,,71691,NYT,,SEC
SEC:0000874761,AES CORP,AES CORPORATION,874761,AES,,SEC
SEC:0000889331,LITTELFUSE INC /DE,,889331,LFUS,,SEC
SEC:0000021076,CLOROX CO /DE/,CLOROX CO /DE/,21076,CLX,,SEC
SEC:0000730272,REPLIGEN CORP,,730272,RGEN,,SEC
SEC:0000797721,VIASAT INC,,797721,VSAT,,SEC
SEC:0001135951,DR REDDYS LABORATORIES LTD,,1135951,RDY,,SEC
SEC:0000711404,"COOPER COMPANIES, INC.",COOPER COMPANIES INC,711404,COO,,SEC
SEC:0000779152,JACK HENRY & ASSOCIATES INC,HENRY JACK & ASSOCIATES INC,779152,JKHY,,SEC
SEC:0001837429,Brookfield Wealth Solutions Ltd.,Brookfield Reinsurance Ltd.|Brookfield Asset Management Reinsurance Partners Ltd.,1837429,BNT,,SEC
SEC:0000067347,MODINE MANUFACTURING CO,,67347,MOD,,SEC
SEC:0001506293,"PINTEREST, INC.",Cold Brew Labs Inc.,1506293,PINS,,SEC
SEC:0001711279,"Krystal Biotech, Inc.",,1711279,KRYS,,SEC
SEC:0001604778,"Qorvo, Inc.","Rocky Holding, Inc.",1604778,QRVO,,SEC
SEC:0001584273,"Sanrio Company, Ltd./ADR",,1584273,SNROY,,SEC
SEC:0001922641,Enlight Renewable Energy Ltd.,,1922641,ENLT,,SEC
SEC:0001125376,"ENSIGN GROUP, INC",,1125376,ENSG,,SEC
SEC:0001588823,TFI International Inc.,TransForce Inc. \ Quebec Canada,1588823,TFII,,SEC
SEC:0000763901,"POPULAR, INC.",POPULAR INC|BANPONCE CORP,763901,BPOP,,SEC
SEC:0001579091,Maplebear Inc.,,1579091,CART,,SEC
SEC:0000012208,"BIO-RAD LABORATORIES, INC.",BIO RAD LABORATORIES INC,12208,BIO,,SEC
SEC:0000028917,"DILLARD'S, INC.",DILLARDS INC|DILLARD DEPARTMENT STORES INC,28917,DDS,,SEC
SEC:0001360901,Evercore Inc.,Evercore Partners Inc.,1360901,EVR,,SEC
SEC:0000101382,UMB FINANCIAL CORP,UNITED MISSOURI BANCSHARES INC,101382,UMBF,,SEC
SEC:0001590955,"Paycom Software, Inc.",,1590955,PAYC,,SEC
SEC:0000879407,"ARROWHEAD PHARMACEUTICALS, INC.",ARROWHEAD RESEARCH CORP|INTERACTIVE GROUP INC|INTERACTIVE INC,879407,ARWR,,SEC
SEC:0001722482,"Avantor, Inc.",Vail Holdco Corp,1722482,AVTR,,SEC
SEC:0001623925,Antero Midstream Corp,Antero Midstream GP LP|Antero Resources Midstream Management LLC,1623925,AM,,SEC
SEC:0001237831,GLOBUS MEDICAL INC,,1237831,GMED,,SEC
SEC:0000082811,REGAL REXNORD CORP,REGAL BELOIT CORP,82811,RRX,,SEC
SEC:0001370946,Owens Corning,Owens Corning (Reorganized) Inc.,1370946,OC,,SEC
SEC:0001810997,XPENG INC.,,1810997,XPEV,,SEC
SEC:0000764038,SouthState Bank Corp,"SouthState Corp|SOUTH STATE Corp|FIRST FINANCIAL HOLDINGS, INC.|SCBT FINANCIAL CORP|FIRST NATIONAL CORP /SC/",764038,SSB,,SEC
SEC:0001179929,"MOLINA HEALTHCARE, INC.",MOLINA HEALTHCARE INC,1179929,MOH,,SEC
SEC:0001815442,"Kymera Therapeutics, Inc.","Kymera Therapeutics, Inc.",1815442,KYMR,,SEC
SEC:0000851205,COGNEX CORP,,851205,CGNX,,SEC
SEC:0001858985,On Holding AG,,1858985,ONON,,SEC
SEC:0001833756,"Leonardo DRS, Inc.",,1833756,DRS,,SEC
SEC:0000916540,DARLING INGREDIENTS INC.,DARLING INTERNATIONAL INC,916540,DAR,,SEC
SEC:0001013237,FACTSET RESEARCH SYSTEMS INC,,1013237,FDS,,SEC
SEC:0001308648,FIRST MAJESTIC SILVER CORP,FIRST MAJESTIC RESOURCE CORP,1308648,AG,,SEC
SEC:0001604028,"ADVANCED DRAINAGE SYSTEMS, INC.",,1604028,WMS,,SEC
SEC:0000789570,MGM Resorts International,MGM MIRAGE|MGM GRAND INC,789570,MGM,,SEC
SEC:0001073404,GERDAU S.A.,GERDAU SA,1073404,GGB,,SEC
SEC:0001849253,"RYAN SPECIALTY HOLDINGS, INC.","RYAN SPECIALTY GROUP HOLDINGS, INC.|MAVERICK SPECIALTY, INC.",1849253,RYAN,,SEC
SEC:0001326110,"ImmunityBio, Inc.","NantKwest, Inc.|Conkwest, Inc.|ZelleRx Corp",1326110,IBRX,,SEC
SEC:0001286681,DOMINOS PIZZA INC,,1286681,DPZ,,SEC
SEC:0000891103,"Match Group, Inc.",IAC/INTERACTIVECORP|INTERACTIVECORP|USA INTERACTIVE|USA NETWORKS INC|HSN INC|SILVER KING COMMUNICATIONS INC,891103,MTCH,,SEC
SEC:0001015328,WINTRUST FINANCIAL CORP,,1015328,WTFC,,SEC
SEC:0000039263,"CULLEN/FROST BANKERS, INC.",CULLEN FROST BANKERS INC,39263,CFR,,SEC
SEC:0001000228,HENRY SCHEIN INC,SCHEIN HENRY INC,1000228,HSIC,,SEC
SEC:0000096223,Jefferies Financial Group Inc.,Jefferies Financial Group Inc.|LEUCADIA NATIONAL CORP,96223,JEF,,SEC
SEC:0001039399,FORMFACTOR INC,,1039399,FORM,,SEC
SEC:0001145197,INSULET CORP,,1145197,PODD,,SEC
SEC:0000034903,FEDERAL REALTY INVESTMENT TRUST,,34903,FRT,,SEC
SEC:0001034983,MINEBEA MITSUMI Inc.,MINEBEA CO LTD|MINEBEA CO LTD                                           /FI,1034983,MINBY,,SEC
SEC:0001636519,Madison Square Garden Sports Corp.,"Madison Square Garden Co|MSG SPINCO, INC.",1636519,MSGS,,SEC
